attempt,type,policy,value,accepted,top,regret
1,all,random,0.6784,0.7250,0.2958,0.1710
2,all,random,0.6804,0.7125,0.2917,0.1775
3,all,random,0.6925,0.7292,0.3000,0.1681
4,all,random,0.6870,0.6625,0.2583,0.1701
5,all,random,0.6894,0.6917,0.2833,0.1639
6,all,random,0.6724,0.7417,0.2958,0.1776
7,all,random,0.6841,0.6875,0.2625,0.1605
8,all,random,0.6981,0.6917,0.2708,0.1681
9,all,random,0.6814,0.6708,0.3292,0.1817
10,all,random,0.6807,0.6792,0.2458,0.1699
11,all,random,0.6982,0.7208,0.2833,0.1662
12,all,random,0.6669,0.6458,0.2542,0.1823
13,all,random,0.6796,0.6750,0.2958,0.1724
14,all,random,0.6815,0.6250,0.2750,0.1724
15,all,random,0.6689,0.6958,0.2542,0.1852
16,all,random,0.6856,0.6958,0.2958,0.1656
17,all,random,0.6915,0.6792,0.2333,0.1722
18,all,random,0.6742,0.6542,0.3083,0.1817
19,all,random,0.7064,0.6875,0.2750,0.1637
20,all,random,0.6905,0.6792,0.2917,0.1667
21,all,random,0.6839,0.6708,0.2583,0.1713
22,all,random,0.6597,0.6583,0.2583,0.1750
23,all,random,0.6853,0.6833,0.3125,0.1733
24,all,random,0.6958,0.7125,0.2750,0.1733
25,all,random,0.6785,0.6375,0.2375,0.1714
26,all,random,0.6686,0.6750,0.2958,0.1752
27,all,random,0.6759,0.7042,0.2875,0.1794
28,all,random,0.6678,0.6958,0.2542,0.1735
29,all,random,0.6822,0.6542,0.2500,0.1633
30,all,random,0.7061,0.6917,0.3208,0.1526
31,all,random,0.6656,0.6458,0.2375,0.1785
32,all,random,0.6899,0.6875,0.2583,0.1710
33,all,random,0.6778,0.6708,0.2542,0.1754
34,all,random,0.6756,0.6542,0.3125,0.1746
35,all,random,0.6796,0.6375,0.2583,0.1915
36,all,random,0.6669,0.6625,0.3292,0.1788
37,all,random,0.6840,0.7000,0.3042,0.1744
38,all,random,0.6835,0.7042,0.3417,0.1690
39,all,random,0.6790,0.6708,0.3083,0.1902
40,all,random,0.6957,0.7167,0.3000,0.1589
41,all,random,0.6782,0.6625,0.2625,0.1808
42,all,random,0.6991,0.7250,0.2833,0.1542
43,all,random,0.6957,0.6458,0.3083,0.1659
44,all,random,0.6943,0.6875,0.3125,0.1452
45,all,random,0.7066,0.7125,0.3417,0.1522
46,all,random,0.6717,0.6542,0.2958,0.1817
47,all,random,0.6793,0.6667,0.2417,0.1701
48,all,random,0.6827,0.6667,0.2708,0.1680
49,all,random,0.6873,0.6917,0.2917,0.1678
50,all,random,0.6858,0.7083,0.3292,0.1625
51,all,random,0.6799,0.7042,0.2917,0.1812
52,all,random,0.6714,0.7125,0.2667,0.1792
53,all,random,0.6864,0.6417,0.2875,0.1838
54,all,random,0.6840,0.6958,0.2875,0.1678
55,all,random,0.6768,0.6333,0.2792,0.1786
56,all,random,0.6952,0.7125,0.2625,0.1674
57,all,random,0.6743,0.6792,0.2583,0.1690
58,all,random,0.6678,0.6750,0.2458,0.1739
59,all,random,0.6883,0.6917,0.2500,0.1772
60,all,random,0.6862,0.6667,0.2583,0.1640
61,all,random,0.6815,0.6833,0.2875,0.1743
62,all,random,0.6616,0.6375,0.2792,0.1771
63,all,random,0.6596,0.6292,0.2333,0.1938
64,all,random,0.7079,0.6792,0.2875,0.1543
65,all,random,0.6879,0.7708,0.3000,0.1692
66,all,random,0.6648,0.6792,0.2833,0.1859
67,all,random,0.7002,0.7000,0.2625,0.1508
68,all,random,0.6720,0.6542,0.2875,0.1698
69,all,random,0.6801,0.6750,0.2500,0.1757
70,all,random,0.7105,0.6958,0.3042,0.1475
71,all,random,0.6844,0.7292,0.2917,0.1663
72,all,random,0.6969,0.6708,0.2875,0.1602
73,all,random,0.6772,0.6625,0.2167,0.1793
74,all,random,0.6773,0.6500,0.2667,0.1700
75,all,random,0.6702,0.6583,0.2958,0.1886
76,all,random,0.6832,0.6958,0.2667,0.1770
77,all,random,0.6955,0.7000,0.2708,0.1592
78,all,random,0.6738,0.6583,0.2375,0.1846
79,all,random,0.7067,0.6833,0.2875,0.1464
80,all,random,0.6952,0.7125,0.3167,0.1645
1,all,fixed,0.7120,0.7250,0.4042,0.1373
2,all,fixed,0.6956,0.7208,0.4083,0.1623
3,all,fixed,0.7152,0.7375,0.4167,0.1454
4,all,fixed,0.7252,0.7333,0.4292,0.1319
5,all,fixed,0.7097,0.7333,0.4500,0.1437
6,all,fixed,0.7143,0.7375,0.4375,0.1357
7,all,fixed,0.7022,0.7000,0.3958,0.1423
8,all,fixed,0.7118,0.7083,0.4458,0.1543
9,all,fixed,0.6922,0.7042,0.4375,0.1709
10,all,fixed,0.6948,0.6875,0.3708,0.1558
11,all,fixed,0.7090,0.6958,0.4042,0.1554
12,all,fixed,0.6983,0.6542,0.3792,0.1509
13,all,fixed,0.7121,0.7292,0.4042,0.1400
14,all,fixed,0.6918,0.6500,0.4000,0.1621
15,all,fixed,0.7153,0.7458,0.4000,0.1388
16,all,fixed,0.6831,0.6583,0.3417,0.1682
17,all,fixed,0.7296,0.7333,0.3833,0.1342
18,all,fixed,0.7034,0.7000,0.4500,0.1525
19,all,fixed,0.7305,0.7292,0.4208,0.1396
20,all,fixed,0.7161,0.7125,0.4500,0.1412
21,all,fixed,0.6916,0.6458,0.3667,0.1636
22,all,fixed,0.6853,0.6750,0.3375,0.1494
23,all,fixed,0.7141,0.6792,0.4042,0.1446
24,all,fixed,0.7301,0.7083,0.3917,0.1389
25,all,fixed,0.7141,0.7292,0.3875,0.1359
26,all,fixed,0.6827,0.7000,0.4375,0.1611
27,all,fixed,0.7072,0.7292,0.4083,0.1482
28,all,fixed,0.6937,0.7250,0.3750,0.1476
29,all,fixed,0.7002,0.6667,0.3833,0.1453
30,all,fixed,0.7160,0.7250,0.4208,0.1426
31,all,fixed,0.6858,0.6667,0.3208,0.1583
32,all,fixed,0.7127,0.6542,0.3125,0.1482
33,all,fixed,0.7148,0.7042,0.3750,0.1384
34,all,fixed,0.7070,0.7125,0.4667,0.1432
35,all,fixed,0.7203,0.7167,0.3875,0.1509
36,all,fixed,0.6953,0.7000,0.4417,0.1504
37,all,fixed,0.7232,0.7125,0.4000,0.1351
38,all,fixed,0.7085,0.7333,0.4542,0.1439
39,all,fixed,0.7148,0.6917,0.4042,0.1544
40,all,fixed,0.7109,0.7167,0.4583,0.1437
41,all,fixed,0.6989,0.6917,0.3833,0.1602
42,all,fixed,0.6951,0.7042,0.3625,0.1582
43,all,fixed,0.7283,0.6833,0.4000,0.1333
44,all,fixed,0.7032,0.7417,0.4208,0.1363
45,all,fixed,0.7136,0.7125,0.4208,0.1451
46,all,fixed,0.7126,0.7083,0.4167,0.1408
47,all,fixed,0.6897,0.6750,0.3708,0.1597
48,all,fixed,0.7034,0.7125,0.4000,0.1473
49,all,fixed,0.6985,0.6500,0.3625,0.1566
50,all,fixed,0.7169,0.7125,0.4458,0.1314
51,all,fixed,0.7171,0.7375,0.4375,0.1439
52,all,fixed,0.7034,0.7083,0.3625,0.1471
53,all,fixed,0.7127,0.7250,0.4292,0.1575
54,all,fixed,0.7090,0.7083,0.4000,0.1428
55,all,fixed,0.7111,0.7042,0.3667,0.1443
56,all,fixed,0.7034,0.7375,0.4458,0.1591
57,all,fixed,0.6999,0.7000,0.3708,0.1434
58,all,fixed,0.6752,0.6792,0.3875,0.1666
59,all,fixed,0.7070,0.7125,0.3875,0.1585
60,all,fixed,0.7192,0.7375,0.3833,0.1309
61,all,fixed,0.7190,0.7083,0.3958,0.1368
62,all,fixed,0.6971,0.6792,0.3917,0.1415
63,all,fixed,0.6901,0.6333,0.3625,0.1634
64,all,fixed,0.7188,0.7208,0.4208,0.1434
65,all,fixed,0.7122,0.7417,0.4667,0.1448
66,all,fixed,0.7151,0.7250,0.4167,0.1356
67,all,fixed,0.7215,0.6792,0.3833,0.1295
68,all,fixed,0.7084,0.7125,0.4250,0.1334
69,all,fixed,0.7191,0.7083,0.3875,0.1367
70,all,fixed,0.7357,0.7125,0.4083,0.1223
71,all,fixed,0.7162,0.7333,0.4333,0.1345
72,all,fixed,0.7069,0.6792,0.3875,0.1502
73,all,fixed,0.7063,0.7083,0.3667,0.1501
74,all,fixed,0.7275,0.7667,0.4417,0.1198
75,all,fixed,0.7037,0.7000,0.4375,0.1551
76,all,fixed,0.6810,0.6708,0.3542,0.1792
77,all,fixed,0.6942,0.7250,0.3708,0.1606
78,all,fixed,0.7124,0.6875,0.3542,0.1460
79,all,fixed,0.7180,0.7250,0.4292,0.1350
80,all,fixed,0.7122,0.6958,0.4167,0.1474
1,all,adaptive,0.7120,0.7250,0.4042,0.1373
2,all,adaptive,0.6974,0.7167,0.4083,0.1606
3,all,adaptive,0.7161,0.7417,0.4167,0.1445
4,all,adaptive,0.7253,0.7333,0.4292,0.1318
5,all,adaptive,0.7116,0.7375,0.4500,0.1417
6,all,adaptive,0.7172,0.7333,0.4375,0.1328
7,all,adaptive,0.6993,0.6917,0.3958,0.1452
8,all,adaptive,0.7123,0.7042,0.4458,0.1538
9,all,adaptive,0.6946,0.7000,0.4375,0.1685
10,all,adaptive,0.6928,0.6875,0.3708,0.1578
11,all,adaptive,0.7113,0.7125,0.4042,0.1530
12,all,adaptive,0.6946,0.6542,0.3792,0.1545
13,all,adaptive,0.7083,0.7208,0.4042,0.1438
14,all,adaptive,0.6954,0.6583,0.4000,0.1586
15,all,adaptive,0.7178,0.7458,0.4000,0.1363
16,all,adaptive,0.6841,0.6625,0.3417,0.1671
17,all,adaptive,0.7294,0.7250,0.3833,0.1343
18,all,adaptive,0.7098,0.7083,0.4500,0.1461
19,all,adaptive,0.7338,0.7333,0.4208,0.1364
20,all,adaptive,0.7150,0.7167,0.4500,0.1422
21,all,adaptive,0.6949,0.6417,0.3667,0.1604
22,all,adaptive,0.6876,0.6792,0.3375,0.1471
23,all,adaptive,0.7082,0.6875,0.4042,0.1505
24,all,adaptive,0.7326,0.7250,0.3917,0.1365
25,all,adaptive,0.7215,0.7375,0.3875,0.1284
26,all,adaptive,0.6873,0.7042,0.4375,0.1565
27,all,adaptive,0.7054,0.7208,0.4083,0.1499
28,all,adaptive,0.6976,0.7250,0.3750,0.1438
29,all,adaptive,0.6987,0.6458,0.3833,0.1468
30,all,adaptive,0.7231,0.7375,0.4208,0.1356
31,all,adaptive,0.6923,0.6708,0.3208,0.1518
32,all,adaptive,0.7274,0.6708,0.3125,0.1335
33,all,adaptive,0.7219,0.7042,0.3750,0.1313
34,all,adaptive,0.7156,0.7250,0.4667,0.1345
35,all,adaptive,0.7270,0.7250,0.3875,0.1442
36,all,adaptive,0.7050,0.7083,0.4375,0.1407
37,all,adaptive,0.7306,0.7375,0.4000,0.1278
38,all,adaptive,0.7216,0.7625,0.4542,0.1308
39,all,adaptive,0.7180,0.6958,0.4042,0.1513
40,all,adaptive,0.7156,0.7125,0.4583,0.1390
41,all,adaptive,0.6979,0.6792,0.3833,0.1611
42,all,adaptive,0.7081,0.7208,0.3667,0.1452
43,all,adaptive,0.7398,0.6958,0.4000,0.1218
44,all,adaptive,0.7078,0.7458,0.4208,0.1317
45,all,adaptive,0.7250,0.7250,0.4208,0.1338
46,all,adaptive,0.7119,0.7125,0.4167,0.1415
47,all,adaptive,0.6978,0.6833,0.3750,0.1516
48,all,adaptive,0.7043,0.7250,0.4000,0.1463
49,all,adaptive,0.7147,0.6792,0.3667,0.1404
50,all,adaptive,0.7262,0.7333,0.4500,0.1221
51,all,adaptive,0.7280,0.7542,0.4417,0.1331
52,all,adaptive,0.7117,0.7250,0.3667,0.1389
53,all,adaptive,0.7277,0.7250,0.4292,0.1425
54,all,adaptive,0.7235,0.7125,0.4083,0.1283
55,all,adaptive,0.7188,0.7083,0.3708,0.1366
56,all,adaptive,0.7261,0.7625,0.4583,0.1365
57,all,adaptive,0.7093,0.6833,0.3708,0.1340
58,all,adaptive,0.6966,0.6875,0.3875,0.1451
59,all,adaptive,0.7209,0.7500,0.3958,0.1446
60,all,adaptive,0.7300,0.7500,0.3875,0.1201
61,all,adaptive,0.7286,0.7167,0.3958,0.1272
62,all,adaptive,0.7154,0.6958,0.4000,0.1232
63,all,adaptive,0.7138,0.6750,0.3750,0.1396
64,all,adaptive,0.7290,0.7375,0.4250,0.1332
65,all,adaptive,0.7272,0.7542,0.4667,0.1299
66,all,adaptive,0.7234,0.7375,0.4208,0.1273
67,all,adaptive,0.7366,0.7000,0.3833,0.1144
68,all,adaptive,0.7131,0.7083,0.4250,0.1287
69,all,adaptive,0.7394,0.7250,0.3958,0.1163
70,all,adaptive,0.7481,0.7333,0.4125,0.1099
71,all,adaptive,0.7354,0.7542,0.4375,0.1153
72,all,adaptive,0.7233,0.7042,0.3917,0.1338
73,all,adaptive,0.7212,0.7250,0.3750,0.1352
74,all,adaptive,0.7323,0.7750,0.4542,0.1150
75,all,adaptive,0.7226,0.7250,0.4417,0.1361
76,all,adaptive,0.6996,0.6750,0.3542,0.1607
77,all,adaptive,0.7086,0.7542,0.3750,0.1462
78,all,adaptive,0.7277,0.7042,0.3750,0.1306
79,all,adaptive,0.7270,0.7250,0.4375,0.1260
80,all,adaptive,0.7389,0.7333,0.4458,0.1207
1,all,linucb,0.7105,0.7125,0.3750,0.1388
2,all,linucb,0.7164,0.7333,0.4208,0.1415
3,all,linucb,0.7441,0.7583,0.4500,0.1165
4,all,linucb,0.7555,0.7917,0.4583,0.1016
5,all,linucb,0.7548,0.7958,0.4875,0.0985
6,all,linucb,0.7535,0.8042,0.4542,0.0965
7,all,linucb,0.7531,0.7417,0.4667,0.0915
8,all,linucb,0.7683,0.7917,0.5042,0.0979
9,all,linucb,0.7595,0.7708,0.5333,0.1036
10,all,linucb,0.7593,0.7625,0.4375,0.0913
11,all,linucb,0.7767,0.7750,0.4750,0.0877
12,all,linucb,0.7639,0.7333,0.4583,0.0853
13,all,linucb,0.7672,0.7833,0.4833,0.0849
14,all,linucb,0.7715,0.7625,0.4792,0.0824
15,all,linucb,0.7792,0.7958,0.4958,0.0749
16,all,linucb,0.7688,0.7625,0.4583,0.0824
17,all,linucb,0.7927,0.8208,0.5125,0.0710
18,all,linucb,0.7685,0.7583,0.5458,0.0874
19,all,linucb,0.8012,0.8042,0.5333,0.0689
20,all,linucb,0.7830,0.7667,0.5167,0.0743
21,all,linucb,0.7724,0.7208,0.4417,0.0829
22,all,linucb,0.7657,0.7583,0.4458,0.0690
23,all,linucb,0.7907,0.7708,0.5000,0.0679
24,all,linucb,0.8093,0.8000,0.5083,0.0597
25,all,linucb,0.7895,0.8000,0.5083,0.0604
26,all,linucb,0.7779,0.8125,0.5750,0.0658
27,all,linucb,0.7849,0.7875,0.5292,0.0704
28,all,linucb,0.7719,0.8125,0.5000,0.0694
29,all,linucb,0.7810,0.7542,0.4958,0.0646
30,all,linucb,0.7936,0.8042,0.5333,0.0651
31,all,linucb,0.7756,0.7458,0.4583,0.0685
32,all,linucb,0.7973,0.7583,0.4833,0.0636
33,all,linucb,0.7955,0.8083,0.5333,0.0577
34,all,linucb,0.7868,0.7750,0.5542,0.0633
35,all,linucb,0.8133,0.7792,0.4667,0.0578
36,all,linucb,0.7776,0.7958,0.5792,0.0682
37,all,linucb,0.7964,0.8000,0.5292,0.0620
38,all,linucb,0.7900,0.8167,0.5208,0.0625
39,all,linucb,0.8068,0.7958,0.5250,0.0625
40,all,linucb,0.7959,0.7875,0.5750,0.0586
41,all,linucb,0.7938,0.7833,0.4917,0.0653
42,all,linucb,0.8010,0.7917,0.5000,0.0523
43,all,linucb,0.8083,0.7792,0.5417,0.0533
44,all,linucb,0.7820,0.8333,0.5583,0.0576
45,all,linucb,0.7894,0.7875,0.5167,0.0694
46,all,linucb,0.7961,0.8042,0.5375,0.0573
47,all,linucb,0.7814,0.8083,0.5083,0.0680
48,all,linucb,0.7977,0.8083,0.5417,0.0530
49,all,linucb,0.7967,0.7708,0.5000,0.0584
50,all,linucb,0.7857,0.8083,0.5542,0.0626
51,all,linucb,0.8040,0.8208,0.5958,0.0571
52,all,linucb,0.7918,0.7958,0.5208,0.0587
53,all,linucb,0.8119,0.7958,0.5500,0.0583
54,all,linucb,0.7872,0.7833,0.5208,0.0646
55,all,linucb,0.7909,0.7833,0.4958,0.0646
56,all,linucb,0.7982,0.8542,0.5833,0.0643
57,all,linucb,0.7807,0.7708,0.4750,0.0626
58,all,linucb,0.7823,0.7750,0.5250,0.0594
59,all,linucb,0.8021,0.8208,0.5458,0.0634
60,all,linucb,0.7897,0.8167,0.5042,0.0605
61,all,linucb,0.7935,0.7792,0.5333,0.0623
62,all,linucb,0.7834,0.7500,0.5000,0.0553
63,all,linucb,0.7857,0.7625,0.5333,0.0677
64,all,linucb,0.8039,0.7875,0.5708,0.0583
65,all,linucb,0.7922,0.8375,0.5917,0.0649
66,all,linucb,0.7908,0.7958,0.5250,0.0600
67,all,linucb,0.8002,0.7875,0.5042,0.0507
68,all,linucb,0.7834,0.7833,0.5542,0.0583
69,all,linucb,0.8072,0.8250,0.5292,0.0485
70,all,linucb,0.8036,0.7833,0.5167,0.0544
71,all,linucb,0.7948,0.8208,0.5917,0.0559
72,all,linucb,0.7974,0.7792,0.5333,0.0596
73,all,linucb,0.7990,0.7958,0.4750,0.0575
74,all,linucb,0.7888,0.7917,0.5375,0.0585
75,all,linucb,0.7963,0.8125,0.5875,0.0625
76,all,linucb,0.7952,0.7750,0.4875,0.0651
77,all,linucb,0.8040,0.8375,0.5167,0.0508
78,all,linucb,0.7982,0.7833,0.4833,0.0602
79,all,linucb,0.8056,0.8208,0.5625,0.0475
80,all,linucb,0.8054,0.8292,0.5417,0.0543
1,time-first,random,0.8215,0.8167,0.3000,0.1055
2,time-first,random,0.8163,0.8167,0.3667,0.1160
3,time-first,random,0.8580,0.9333,0.3833,0.0864
4,time-first,random,0.8060,0.7500,0.2833,0.1144
5,time-first,random,0.8327,0.8500,0.4000,0.1002
6,time-first,random,0.8132,0.8500,0.4000,0.1166
7,time-first,random,0.8059,0.7833,0.3333,0.1298
8,time-first,random,0.8161,0.8333,0.3000,0.1119
9,time-first,random,0.8465,0.9000,0.4000,0.0914
10,time-first,random,0.8231,0.8167,0.2667,0.1080
11,time-first,random,0.8477,0.8833,0.4333,0.0860
12,time-first,random,0.8219,0.8833,0.3167,0.1089
13,time-first,random,0.8237,0.7500,0.3833,0.1045
14,time-first,random,0.8133,0.7500,0.3667,0.1112
15,time-first,random,0.8327,0.8500,0.2667,0.0917
16,time-first,random,0.8410,0.8333,0.4333,0.0885
17,time-first,random,0.8255,0.7667,0.2667,0.1090
18,time-first,random,0.8412,0.8167,0.4167,0.0963
19,time-first,random,0.8400,0.8167,0.3167,0.0943
20,time-first,random,0.8471,0.8500,0.3333,0.0878
21,time-first,random,0.8363,0.7667,0.4333,0.0972
22,time-first,random,0.7876,0.7667,0.3500,0.1308
23,time-first,random,0.8423,0.8000,0.4000,0.0922
24,time-first,random,0.8198,0.8167,0.4167,0.1139
25,time-first,random,0.8467,0.7667,0.3833,0.0954
26,time-first,random,0.8211,0.8667,0.4167,0.1096
27,time-first,random,0.8333,0.8833,0.3500,0.0956
28,time-first,random,0.8265,0.8000,0.3333,0.1065
29,time-first,random,0.8133,0.7500,0.3167,0.1094
30,time-first,random,0.8364,0.8500,0.3833,0.1011
31,time-first,random,0.8208,0.8000,0.2167,0.1082
32,time-first,random,0.8436,0.8000,0.3833,0.0971
33,time-first,random,0.8121,0.7500,0.4000,0.1185
34,time-first,random,0.8351,0.8000,0.4833,0.1060
35,time-first,random,0.8018,0.8667,0.3500,0.1317
36,time-first,random,0.8250,0.8333,0.5000,0.1022
37,time-first,random,0.8274,0.8333,0.3667,0.1075
38,time-first,random,0.8143,0.8833,0.4333,0.1156
39,time-first,random,0.8145,0.7167,0.3667,0.1246
40,time-first,random,0.8137,0.8000,0.3000,0.1208
41,time-first,random,0.8476,0.8333,0.3167,0.0882
42,time-first,random,0.8509,0.9000,0.4333,0.0841
43,time-first,random,0.8435,0.7833,0.3833,0.0924
44,time-first,random,0.8662,0.9000,0.4167,0.0811
45,time-first,random,0.8361,0.9000,0.4500,0.0967
46,time-first,random,0.8295,0.7500,0.4000,0.1072
47,time-first,random,0.8130,0.8333,0.3167,0.1188
48,time-first,random,0.8311,0.8167,0.3833,0.0949
49,time-first,random,0.8196,0.7833,0.3833,0.1198
50,time-first,random,0.8291,0.8333,0.3000,0.1113
51,time-first,random,0.8157,0.8000,0.3333,0.1151
52,time-first,random,0.8119,0.8667,0.3500,0.1160
53,time-first,random,0.8209,0.8500,0.3667,0.1126
54,time-first,random,0.8177,0.8167,0.3167,0.1115
55,time-first,random,0.8118,0.7833,0.3667,0.1170
56,time-first,random,0.8240,0.7667,0.2667,0.1093
57,time-first,random,0.8234,0.8333,0.4000,0.1154
58,time-first,random,0.8283,0.8167,0.2000,0.1047
59,time-first,random,0.8032,0.8167,0.1833,0.1288
60,time-first,random,0.8323,0.8333,0.3333,0.0995
61,time-first,random,0.8397,0.8833,0.4333,0.0979
62,time-first,random,0.8023,0.7500,0.2833,0.1291
63,time-first,random,0.8322,0.8167,0.4000,0.0959
64,time-first,random,0.8481,0.7667,0.3500,0.0919
65,time-first,random,0.8108,0.8833,0.4500,0.1200
66,time-first,random,0.8372,0.8500,0.3833,0.0927
67,time-first,random,0.8395,0.8833,0.3333,0.0982
68,time-first,random,0.8331,0.7500,0.3000,0.1100
69,time-first,random,0.8199,0.8500,0.3333,0.1160
70,time-first,random,0.8340,0.7833,0.3833,0.1020
71,time-first,random,0.8003,0.8333,0.2333,0.1305
72,time-first,random,0.8519,0.7667,0.3333,0.0867
73,time-first,random,0.8448,0.8333,0.3000,0.0955
74,time-first,random,0.8350,0.8667,0.3833,0.1020
75,time-first,random,0.8033,0.7167,0.3667,0.1352
76,time-first,random,0.8244,0.8333,0.4167,0.1038
77,time-first,random,0.8442,0.8333,0.4167,0.0908
78,time-first,random,0.8114,0.7500,0.3333,0.1151
79,time-first,random,0.8308,0.7500,0.3167,0.1023
80,time-first,random,0.8437,0.8500,0.3000,0.0914
1,time-first,fixed,0.8572,0.8667,0.5000,0.0698
2,time-first,fixed,0.8511,0.8167,0.4167,0.0812
3,time-first,fixed,0.8575,0.8167,0.5000,0.0869
4,time-first,fixed,0.8638,0.8167,0.4500,0.0566
5,time-first,fixed,0.8680,0.9000,0.6333,0.0649
6,time-first,fixed,0.8509,0.8500,0.5500,0.0789
7,time-first,fixed,0.8477,0.8000,0.4333,0.0880
8,time-first,fixed,0.8372,0.9000,0.5500,0.0908
9,time-first,fixed,0.8564,0.9167,0.5500,0.0815
10,time-first,fixed,0.8455,0.8833,0.4667,0.0856
11,time-first,fixed,0.8601,0.8500,0.5667,0.0737
12,time-first,fixed,0.8604,0.8167,0.5333,0.0703
13,time-first,fixed,0.8568,0.8500,0.5333,0.0714
14,time-first,fixed,0.8451,0.8167,0.5333,0.0794
15,time-first,fixed,0.8701,0.8333,0.4667,0.0543
16,time-first,fixed,0.8697,0.8667,0.5167,0.0598
17,time-first,fixed,0.8576,0.8000,0.4333,0.0768
18,time-first,fixed,0.8791,0.9167,0.6167,0.0584
19,time-first,fixed,0.8497,0.7833,0.4667,0.0846
20,time-first,fixed,0.8738,0.8333,0.5333,0.0611
21,time-first,fixed,0.8673,0.8167,0.5333,0.0662
22,time-first,fixed,0.8328,0.8000,0.4667,0.0856
23,time-first,fixed,0.8637,0.8833,0.5333,0.0708
24,time-first,fixed,0.8644,0.8500,0.5000,0.0693
25,time-first,fixed,0.8851,0.9167,0.6000,0.0570
26,time-first,fixed,0.8501,0.9333,0.6500,0.0806
27,time-first,fixed,0.8579,0.8833,0.5000,0.0711
28,time-first,fixed,0.8589,0.8333,0.5167,0.0742
29,time-first,fixed,0.8468,0.8167,0.5500,0.0759
30,time-first,fixed,0.8580,0.8833,0.6000,0.0795
31,time-first,fixed,0.8588,0.8167,0.4167,0.0701
32,time-first,fixed,0.8749,0.8000,0.4167,0.0658
33,time-first,fixed,0.8634,0.8333,0.5833,0.0673
34,time-first,fixed,0.8610,0.8667,0.6167,0.0800
35,time-first,fixed,0.8606,0.8833,0.4833,0.0730
36,time-first,fixed,0.8509,0.8833,0.6167,0.0763
37,time-first,fixed,0.8742,0.8500,0.5667,0.0606
38,time-first,fixed,0.8447,0.8667,0.5667,0.0852
39,time-first,fixed,0.8664,0.8167,0.5167,0.0727
40,time-first,fixed,0.8402,0.8167,0.5167,0.0943
41,time-first,fixed,0.8716,0.9000,0.5667,0.0642
42,time-first,fixed,0.8666,0.9333,0.5667,0.0684
43,time-first,fixed,0.8614,0.8667,0.5667,0.0745
44,time-first,fixed,0.8649,0.9333,0.5667,0.0824
45,time-first,fixed,0.8769,0.9000,0.5833,0.0559
46,time-first,fixed,0.8670,0.8167,0.4833,0.0696
47,time-first,fixed,0.8515,0.8500,0.5333,0.0804
48,time-first,fixed,0.8570,0.8000,0.5167,0.0690
49,time-first,fixed,0.8612,0.8000,0.4667,0.0782
50,time-first,fixed,0.8870,0.9167,0.5333,0.0534
51,time-first,fixed,0.8657,0.8667,0.5167,0.0652
52,time-first,fixed,0.8625,0.9167,0.5333,0.0654
53,time-first,fixed,0.8576,0.8833,0.5667,0.0758
54,time-first,fixed,0.8356,0.8000,0.5500,0.0936
55,time-first,fixed,0.8615,0.8667,0.4833,0.0673
56,time-first,fixed,0.8568,0.8833,0.5667,0.0765
57,time-first,fixed,0.8576,0.8333,0.4500,0.0812
58,time-first,fixed,0.8541,0.8667,0.4167,0.0789
59,time-first,fixed,0.8547,0.8167,0.4167,0.0773
60,time-first,fixed,0.8637,0.9167,0.5000,0.0682
61,time-first,fixed,0.8703,0.8500,0.5333,0.0674
62,time-first,fixed,0.8366,0.8500,0.4500,0.0948
63,time-first,fixed,0.8458,0.8000,0.5333,0.0823
64,time-first,fixed,0.8746,0.8333,0.5833,0.0654
65,time-first,fixed,0.8560,0.8667,0.6333,0.0748
66,time-first,fixed,0.8711,0.9167,0.5000,0.0588
67,time-first,fixed,0.8735,0.9000,0.5167,0.0641
68,time-first,fixed,0.8635,0.8833,0.5500,0.0795
69,time-first,fixed,0.8628,0.8833,0.5333,0.0731
70,time-first,fixed,0.8785,0.8500,0.5333,0.0575
71,time-first,fixed,0.8534,0.8000,0.5167,0.0774
72,time-first,fixed,0.8782,0.7833,0.4667,0.0603
73,time-first,fixed,0.8679,0.8667,0.4667,0.0724
74,time-first,fixed,0.8665,0.9333,0.7000,0.0706
75,time-first,fixed,0.8498,0.8000,0.5500,0.0888
76,time-first,fixed,0.8415,0.8500,0.4667,0.0867
77,time-first,fixed,0.8337,0.8833,0.5167,0.1014
78,time-first,fixed,0.8651,0.7833,0.4667,0.0614
79,time-first,fixed,0.8482,0.8167,0.4833,0.0849
80,time-first,fixed,0.8633,0.8000,0.4500,0.0718
1,time-first,adaptive,0.8572,0.8667,0.5000,0.0698
2,time-first,adaptive,0.8476,0.7833,0.4167,0.0848
3,time-first,adaptive,0.8539,0.8167,0.5000,0.0904
4,time-first,adaptive,0.8626,0.8167,0.4500,0.0578
5,time-first,adaptive,0.8680,0.9000,0.6333,0.0649
6,time-first,adaptive,0.8477,0.8333,0.5500,0.0821
7,time-first,adaptive,0.8355,0.7833,0.4333,0.1002
8,time-first,adaptive,0.8322,0.8833,0.5500,0.0959
9,time-first,adaptive,0.8480,0.9000,0.5500,0.0899
10,time-first,adaptive,0.8430,0.8833,0.4667,0.0881
11,time-first,adaptive,0.8490,0.8500,0.5667,0.0847
12,time-first,adaptive,0.8442,0.8167,0.5333,0.0866
13,time-first,adaptive,0.8423,0.8333,0.5333,0.0860
14,time-first,adaptive,0.8415,0.8167,0.5333,0.0829
15,time-first,adaptive,0.8674,0.8333,0.4667,0.0569
16,time-first,adaptive,0.8697,0.8667,0.5167,0.0598
17,time-first,adaptive,0.8495,0.7667,0.4333,0.0850
18,time-first,adaptive,0.8791,0.9167,0.6167,0.0584
19,time-first,adaptive,0.8411,0.7667,0.4667,0.0932
20,time-first,adaptive,0.8505,0.8333,0.5333,0.0844
21,time-first,adaptive,0.8526,0.8000,0.5333,0.0809
22,time-first,adaptive,0.8194,0.7667,0.4667,0.0990
23,time-first,adaptive,0.8420,0.8500,0.5333,0.0925
24,time-first,adaptive,0.8640,0.8500,0.5000,0.0698
25,time-first,adaptive,0.8838,0.9167,0.6000,0.0583
26,time-first,adaptive,0.8442,0.9333,0.6500,0.0866
27,time-first,adaptive,0.8445,0.8667,0.5000,0.0844
28,time-first,adaptive,0.8515,0.8167,0.5167,0.0815
29,time-first,adaptive,0.8261,0.8000,0.5500,0.0966
30,time-first,adaptive,0.8478,0.9000,0.6000,0.0898
31,time-first,adaptive,0.8408,0.7833,0.4167,0.0882
32,time-first,adaptive,0.8726,0.7667,0.4167,0.0680
33,time-first,adaptive,0.8573,0.8333,0.5833,0.0733
34,time-first,adaptive,0.8488,0.8500,0.6167,0.0922
35,time-first,adaptive,0.8469,0.8833,0.4833,0.0867
36,time-first,adaptive,0.8487,0.8667,0.6000,0.0785
37,time-first,adaptive,0.8536,0.8500,0.5667,0.0812
38,time-first,adaptive,0.8438,0.8833,0.5667,0.0861
39,time-first,adaptive,0.8429,0.8000,0.5167,0.0962
40,time-first,adaptive,0.8227,0.8167,0.5167,0.1118
41,time-first,adaptive,0.8550,0.8833,0.5667,0.0808
42,time-first,adaptive,0.8601,0.9500,0.5667,0.0750
43,time-first,adaptive,0.8516,0.8500,0.5667,0.0843
44,time-first,adaptive,0.8387,0.9333,0.5667,0.1086
45,time-first,adaptive,0.8664,0.8833,0.5833,0.0664
46,time-first,adaptive,0.8498,0.8000,0.4833,0.0868
47,time-first,adaptive,0.8379,0.8500,0.5333,0.0939
48,time-first,adaptive,0.8378,0.8000,0.5167,0.0882
49,time-first,adaptive,0.8565,0.8167,0.4667,0.0829
50,time-first,adaptive,0.8763,0.9167,0.5333,0.0641
51,time-first,adaptive,0.8570,0.8333,0.5167,0.0739
52,time-first,adaptive,0.8514,0.9000,0.5333,0.0764
53,time-first,adaptive,0.8518,0.8833,0.5667,0.0816
54,time-first,adaptive,0.8322,0.8000,0.5500,0.0970
55,time-first,adaptive,0.8471,0.8667,0.4833,0.0817
56,time-first,adaptive,0.8450,0.8833,0.5667,0.0883
57,time-first,adaptive,0.8391,0.7833,0.4500,0.0996
58,time-first,adaptive,0.8575,0.8500,0.4167,0.0754
59,time-first,adaptive,0.8236,0.8167,0.4167,0.1085
60,time-first,adaptive,0.8540,0.9000,0.5000,0.0779
61,time-first,adaptive,0.8548,0.8500,0.5333,0.0828
62,time-first,adaptive,0.8211,0.8500,0.4500,0.1103
63,time-first,adaptive,0.8223,0.7833,0.5333,0.1057
64,time-first,adaptive,0.8573,0.7833,0.5833,0.0828
65,time-first,adaptive,0.8307,0.8667,0.6333,0.1001
66,time-first,adaptive,0.8594,0.9167,0.5000,0.0705
67,time-first,adaptive,0.8584,0.9000,0.5167,0.0793
68,time-first,adaptive,0.8331,0.8167,0.5500,0.1099
69,time-first,adaptive,0.8560,0.8667,0.5333,0.0800
70,time-first,adaptive,0.8631,0.8500,0.5333,0.0729
71,time-first,adaptive,0.8339,0.7833,0.5000,0.0969
72,time-first,adaptive,0.8707,0.8167,0.4667,0.0678
73,time-first,adaptive,0.8472,0.8500,0.4667,0.0931
74,time-first,adaptive,0.8513,0.9167,0.7000,0.0858
75,time-first,adaptive,0.8257,0.8000,0.5500,0.1129
76,time-first,adaptive,0.8164,0.8333,0.4667,0.1118
77,time-first,adaptive,0.8051,0.8500,0.5167,0.1299
78,time-first,adaptive,0.8380,0.7333,0.4667,0.0885
79,time-first,adaptive,0.8255,0.7833,0.4833,0.1076
80,time-first,adaptive,0.8473,0.7833,0.4500,0.0879
1,time-first,linucb,0.8382,0.8500,0.3833,0.0887
2,time-first,linucb,0.8382,0.8333,0.4333,0.0941
3,time-first,linucb,0.8759,0.8833,0.5000,0.0684
4,time-first,linucb,0.8496,0.8667,0.3833,0.0708
5,time-first,linucb,0.8735,0.9000,0.6167,0.0594
6,time-first,linucb,0.8605,0.8500,0.5167,0.0693
7,time-first,linucb,0.8593,0.7333,0.4167,0.0764
8,time-first,linucb,0.8586,0.9167,0.5167,0.0695
9,time-first,linucb,0.8721,0.9333,0.5167,0.0658
10,time-first,linucb,0.8658,0.8833,0.4833,0.0653
11,time-first,linucb,0.8726,0.8333,0.5833,0.0611
12,time-first,linucb,0.8841,0.8833,0.5167,0.0466
13,time-first,linucb,0.8567,0.8667,0.5333,0.0715
14,time-first,linucb,0.8721,0.8500,0.5667,0.0524
15,time-first,linucb,0.8892,0.8833,0.5000,0.0352
16,time-first,linucb,0.8838,0.8667,0.5167,0.0457
17,time-first,linucb,0.8812,0.9000,0.5167,0.0533
18,time-first,linucb,0.8856,0.9167,0.6167,0.0519
19,time-first,linucb,0.8848,0.8500,0.4833,0.0495
20,time-first,linucb,0.9000,0.8833,0.5333,0.0348
21,time-first,linucb,0.8887,0.8500,0.5500,0.0448
22,time-first,linucb,0.8672,0.8000,0.5167,0.0512
23,time-first,linucb,0.8873,0.8500,0.5667,0.0472
24,time-first,linucb,0.8995,0.9167,0.5667,0.0342
25,time-first,linucb,0.9085,0.9167,0.6333,0.0336
26,time-first,linucb,0.8922,0.9500,0.7167,0.0385
27,time-first,linucb,0.8890,0.9167,0.5667,0.0399
28,time-first,linucb,0.8878,0.9000,0.5667,0.0452
29,time-first,linucb,0.8825,0.8667,0.5833,0.0402
30,time-first,linucb,0.8931,0.9167,0.6333,0.0444
31,time-first,linucb,0.9015,0.8667,0.4167,0.0274
32,time-first,linucb,0.9090,0.8667,0.5167,0.0316
33,time-first,linucb,0.9053,0.8833,0.6333,0.0253
34,time-first,linucb,0.9107,0.9167,0.6833,0.0303
35,time-first,linucb,0.8927,0.9167,0.5500,0.0409
36,time-first,linucb,0.8986,0.9000,0.6000,0.0286
37,time-first,linucb,0.9033,0.9000,0.6500,0.0316
38,time-first,linucb,0.8831,0.9167,0.5833,0.0467
39,time-first,linucb,0.9100,0.9000,0.5500,0.0292
40,time-first,linucb,0.8943,0.9000,0.6167,0.0402
41,time-first,linucb,0.9001,0.9500,0.5833,0.0357
42,time-first,linucb,0.9083,0.9167,0.6500,0.0268
43,time-first,linucb,0.9122,0.9167,0.6667,0.0237
44,time-first,linucb,0.9144,0.9500,0.6333,0.0329
45,time-first,linucb,0.9076,0.9167,0.6333,0.0252
46,time-first,linucb,0.9097,0.8667,0.5333,0.0270
47,time-first,linucb,0.9006,0.9333,0.5667,0.0313
48,time-first,linucb,0.9050,0.8667,0.5833,0.0210
49,time-first,linucb,0.9226,0.8667,0.5500,0.0168
50,time-first,linucb,0.9115,0.9000,0.5667,0.0289
51,time-first,linucb,0.9030,0.9167,0.6333,0.0279
52,time-first,linucb,0.9106,0.9167,0.6167,0.0173
53,time-first,linucb,0.9069,0.9167,0.6333,0.0266
54,time-first,linucb,0.8877,0.8833,0.5833,0.0416
55,time-first,linucb,0.8980,0.9500,0.5000,0.0309
56,time-first,linucb,0.9099,0.9333,0.5667,0.0234
57,time-first,linucb,0.9209,0.9333,0.5500,0.0179
58,time-first,linucb,0.9116,0.8667,0.4500,0.0214
59,time-first,linucb,0.9008,0.9167,0.5167,0.0313
60,time-first,linucb,0.9035,0.9500,0.5500,0.0283
61,time-first,linucb,0.9055,0.8833,0.5833,0.0321
62,time-first,linucb,0.9017,0.9500,0.5167,0.0297
63,time-first,linucb,0.8894,0.8500,0.6000,0.0386
64,time-first,linucb,0.9221,0.8667,0.6167,0.0179
65,time-first,linucb,0.9048,0.9333,0.7167,0.0260
66,time-first,linucb,0.9078,0.9667,0.5667,0.0221
67,time-first,linucb,0.9238,0.9000,0.5667,0.0138
68,time-first,linucb,0.9123,0.9167,0.6667,0.0307
69,time-first,linucb,0.9138,0.9333,0.5833,0.0221
70,time-first,linucb,0.9186,0.9000,0.5667,0.0174
71,time-first,linucb,0.9136,0.9167,0.6333,0.0171
72,time-first,linucb,0.9195,0.8667,0.5500,0.0190
73,time-first,linucb,0.9264,0.9000,0.5167,0.0139
74,time-first,linucb,0.9160,0.9500,0.7333,0.0210
75,time-first,linucb,0.9061,0.8833,0.6000,0.0325
76,time-first,linucb,0.9005,0.8833,0.5667,0.0277
77,time-first,linucb,0.9109,0.9667,0.6333,0.0242
78,time-first,linucb,0.9102,0.8667,0.5667,0.0164
79,time-first,linucb,0.9176,0.9000,0.5833,0.0156
80,time-first,linucb,0.9084,0.9000,0.5167,0.0267
1,same-court,random,0.5033,0.6167,0.1500,0.3724
2,same-court,random,0.5363,0.5833,0.1833,0.3473
3,same-court,random,0.5260,0.5167,0.1667,0.3565
4,same-court,random,0.5262,0.5000,0.1000,0.3559
5,same-court,random,0.5631,0.6167,0.1000,0.3035
6,same-court,random,0.4951,0.5500,0.1833,0.3721
7,same-court,random,0.5372,0.5333,0.1667,0.3252
8,same-court,random,0.5588,0.5500,0.1333,0.3219
9,same-court,random,0.5006,0.4167,0.1667,0.3584
10,same-court,random,0.5193,0.5333,0.1333,0.3468
11,same-court,random,0.5181,0.5167,0.1000,0.3567
12,same-court,random,0.5055,0.4500,0.1167,0.3511
13,same-court,random,0.5429,0.5500,0.1167,0.3261
14,same-court,random,0.5383,0.4333,0.1333,0.3319
15,same-court,random,0.5380,0.5833,0.1167,0.3358
16,same-court,random,0.5067,0.5000,0.1833,0.3476
17,same-court,random,0.5453,0.5667,0.1500,0.3261
18,same-court,random,0.5094,0.5167,0.1667,0.3590
19,same-court,random,0.5720,0.5833,0.1833,0.3026
20,same-court,random,0.5534,0.5333,0.1333,0.3256
21,same-court,random,0.4945,0.5167,0.0500,0.3665
22,same-court,random,0.5087,0.5000,0.1667,0.3582
23,same-court,random,0.5369,0.5167,0.1833,0.3487
24,same-court,random,0.5349,0.6500,0.1667,0.3388
25,same-court,random,0.5350,0.4667,0.0667,0.3416
26,same-court,random,0.5171,0.5333,0.1167,0.3392
27,same-court,random,0.5425,0.5833,0.1833,0.3307
28,same-court,random,0.4875,0.5667,0.1667,0.3758
29,same-court,random,0.5121,0.5333,0.2000,0.3456
30,same-court,random,0.5929,0.5833,0.1667,0.2782
31,same-court,random,0.5120,0.5000,0.1833,0.3467
32,same-court,random,0.5299,0.5167,0.1167,0.3374
33,same-court,random,0.5604,0.6167,0.1667,0.3174
34,same-court,random,0.5414,0.5333,0.1833,0.3197
35,same-court,random,0.5362,0.4667,0.1333,0.3480
36,same-court,random,0.4821,0.4667,0.1333,0.3907
37,same-court,random,0.5491,0.5667,0.1833,0.3232
38,same-court,random,0.5350,0.5167,0.1667,0.3365
39,same-court,random,0.5174,0.5500,0.2000,0.3591
40,same-court,random,0.5323,0.5333,0.0667,0.3325
41,same-court,random,0.5180,0.4667,0.1333,0.3427
42,same-court,random,0.5596,0.5333,0.1333,0.3131
43,same-court,random,0.5525,0.4000,0.1333,0.3236
44,same-court,random,0.5292,0.5167,0.2000,0.3353
45,same-court,random,0.5449,0.4667,0.1833,0.3215
46,same-court,random,0.4994,0.4667,0.1000,0.3715
47,same-court,random,0.5705,0.6000,0.1667,0.3021
48,same-court,random,0.5181,0.4667,0.0833,0.3415
49,same-court,random,0.5568,0.5833,0.1167,0.3101
50,same-court,random,0.5259,0.5667,0.2333,0.3430
51,same-court,random,0.5242,0.5667,0.1667,0.3565
52,same-court,random,0.5449,0.6167,0.2333,0.3410
53,same-court,random,0.5533,0.4167,0.1833,0.3207
54,same-court,random,0.5324,0.5333,0.2333,0.3445
55,same-court,random,0.5015,0.4000,0.1667,0.3689
56,same-court,random,0.5266,0.5667,0.1167,0.3356
57,same-court,random,0.5177,0.5000,0.0667,0.3373
58,same-court,random,0.5100,0.5000,0.1333,0.3701
59,same-court,random,0.5488,0.5500,0.1500,0.3251
60,same-court,random,0.5251,0.4500,0.1833,0.3339
61,same-court,random,0.4960,0.5500,0.2333,0.3808
62,same-court,random,0.5137,0.4667,0.1500,0.3503
63,same-court,random,0.4710,0.4667,0.1000,0.3846
64,same-court,random,0.5649,0.5833,0.1833,0.3106
65,same-court,random,0.5267,0.7000,0.1667,0.3413
66,same-court,random,0.5333,0.5000,0.1500,0.3347
67,same-court,random,0.5527,0.4833,0.0833,0.3098
68,same-court,random,0.5221,0.4833,0.2333,0.3325
69,same-court,random,0.5304,0.5333,0.1167,0.3358
70,same-court,random,0.5419,0.5500,0.2000,0.3324
71,same-court,random,0.5749,0.7000,0.2833,0.2863
72,same-court,random,0.5843,0.6000,0.1833,0.2901
73,same-court,random,0.5060,0.5000,0.1667,0.3665
74,same-court,random,0.5112,0.4667,0.1500,0.3613
75,same-court,random,0.5165,0.4833,0.1667,0.3512
76,same-court,random,0.5261,0.4667,0.1333,0.3432
77,same-court,random,0.5769,0.5833,0.1667,0.2980
78,same-court,random,0.5213,0.6000,0.1500,0.3555
79,same-court,random,0.5856,0.5833,0.1833,0.2888
80,same-court,random,0.5102,0.5167,0.2000,0.3555
1,same-court,fixed,0.5694,0.6500,0.2000,0.3063
2,same-court,fixed,0.5641,0.6167,0.2500,0.3195
3,same-court,fixed,0.5545,0.6500,0.2500,0.3281
4,same-court,fixed,0.5951,0.6333,0.2500,0.2870
5,same-court,fixed,0.5367,0.5667,0.1167,0.3299
6,same-court,fixed,0.5539,0.5167,0.2167,0.3133
7,same-court,fixed,0.5661,0.5667,0.2833,0.2962
8,same-court,fixed,0.5910,0.5500,0.2667,0.2896
9,same-court,fixed,0.5048,0.4500,0.1500,0.3542
10,same-court,fixed,0.5357,0.5000,0.1500,0.3303
11,same-court,fixed,0.5647,0.5500,0.1167,0.3101
12,same-court,fixed,0.5367,0.4167,0.0667,0.3198
13,same-court,fixed,0.5716,0.6500,0.1667,0.2974
14,same-court,fixed,0.5222,0.4500,0.1167,0.3480
15,same-court,fixed,0.5665,0.6500,0.1833,0.3073
16,same-court,fixed,0.5146,0.4333,0.1167,0.3398
17,same-court,fixed,0.5625,0.5833,0.2167,0.3088
18,same-court,fixed,0.5428,0.5667,0.2167,0.3255
19,same-court,fixed,0.5763,0.5500,0.1833,0.2982
20,same-court,fixed,0.5673,0.5333,0.2500,0.3117
21,same-court,fixed,0.4889,0.3833,0.0833,0.3721
22,same-court,fixed,0.5357,0.5333,0.1333,0.3312
23,same-court,fixed,0.5926,0.4833,0.1667,0.2930
24,same-court,fixed,0.5720,0.6167,0.2833,0.3016
25,same-court,fixed,0.5805,0.5833,0.2000,0.2961
26,same-court,fixed,0.5147,0.4833,0.1500,0.3416
27,same-court,fixed,0.5727,0.5500,0.1833,0.3006
28,same-court,fixed,0.5491,0.6000,0.1333,0.3142
29,same-court,fixed,0.5573,0.5167,0.2000,0.3004
30,same-court,fixed,0.5789,0.5833,0.1167,0.2922
31,same-court,fixed,0.5128,0.5333,0.1333,0.3459
32,same-court,fixed,0.5575,0.4833,0.0667,0.3097
33,same-court,fixed,0.5977,0.5333,0.1500,0.2801
34,same-court,fixed,0.5533,0.6333,0.2667,0.3077
35,same-court,fixed,0.5923,0.6000,0.2500,0.2920
36,same-court,fixed,0.5587,0.5333,0.1667,0.3141
37,same-court,fixed,0.6006,0.6500,0.1500,0.2717
38,same-court,fixed,0.5580,0.5333,0.2000,0.3135
39,same-court,fixed,0.5579,0.5667,0.1667,0.3186
40,same-court,fixed,0.5766,0.5500,0.1667,0.2882
41,same-court,fixed,0.5498,0.5500,0.1500,0.3109
42,same-court,fixed,0.5844,0.5333,0.1333,0.2883
43,same-court,fixed,0.5914,0.4833,0.1667,0.2847
44,same-court,fixed,0.5763,0.6167,0.2333,0.2882
45,same-court,fixed,0.5304,0.4667,0.2000,0.3360
46,same-court,fixed,0.5658,0.5667,0.1833,0.3052
47,same-court,fixed,0.5504,0.4667,0.1333,0.3222
48,same-court,fixed,0.5682,0.6500,0.1833,0.2913
49,same-court,fixed,0.5278,0.4667,0.1667,0.3391
50,same-court,fixed,0.5560,0.4500,0.2000,0.3129
51,same-court,fixed,0.5736,0.6667,0.2000,0.3071
52,same-court,fixed,0.5638,0.5667,0.1500,0.3220
53,same-court,fixed,0.5734,0.6000,0.1500,0.3007
54,same-court,fixed,0.5730,0.6000,0.1833,0.3039
55,same-court,fixed,0.5451,0.5167,0.1667,0.3253
56,same-court,fixed,0.5312,0.5167,0.1167,0.3310
57,same-court,fixed,0.5168,0.5000,0.1500,0.3383
58,same-court,fixed,0.5403,0.5667,0.2000,0.3398
59,same-court,fixed,0.5341,0.6000,0.1833,0.3398
60,same-court,fixed,0.5653,0.6000,0.2000,0.2937
61,same-court,fixed,0.5756,0.6333,0.2667,0.3012
62,same-court,fixed,0.5512,0.4333,0.1833,0.3129
63,same-court,fixed,0.5606,0.4667,0.1333,0.2951
64,same-court,fixed,0.5593,0.6500,0.1667,0.3161
65,same-court,fixed,0.5360,0.6000,0.2167,0.3320
66,same-court,fixed,0.5640,0.5667,0.2167,0.3041
67,same-court,fixed,0.5632,0.3667,0.1000,0.2993
68,same-court,fixed,0.5557,0.6000,0.3167,0.2989
69,same-court,fixed,0.5747,0.5333,0.1500,0.2914
70,same-court,fixed,0.5703,0.6167,0.1833,0.3040
71,same-court,fixed,0.5773,0.6500,0.2000,0.2838
72,same-court,fixed,0.5627,0.5833,0.1667,0.3117
73,same-court,fixed,0.5401,0.6500,0.2500,0.3324
74,same-court,fixed,0.5893,0.6667,0.2167,0.2831
75,same-court,fixed,0.5398,0.6333,0.2833,0.3279
76,same-court,fixed,0.5295,0.5000,0.1833,0.3397
77,same-court,fixed,0.6019,0.6667,0.1500,0.2730
78,same-court,fixed,0.5632,0.6167,0.1500,0.3136
79,same-court,fixed,0.5947,0.6167,0.2833,0.2797
80,same-court,fixed,0.5477,0.5667,0.3000,0.3179
1,same-court,adaptive,0.5694,0.6500,0.2000,0.3063
2,same-court,adaptive,0.5746,0.6333,0.2500,0.3091
3,same-court,adaptive,0.5613,0.6667,0.2500,0.3213
4,same-court,adaptive,0.5968,0.6333,0.2500,0.2853
5,same-court,adaptive,0.5424,0.5833,0.1167,0.3242
6,same-court,adaptive,0.5681,0.5167,0.2167,0.2991
7,same-court,adaptive,0.5661,0.5667,0.2833,0.2962
8,same-court,adaptive,0.5940,0.5500,0.2667,0.2867
9,same-court,adaptive,0.5225,0.4500,0.1500,0.3365
10,same-court,adaptive,0.5500,0.5000,0.1500,0.3161
11,same-court,adaptive,0.5835,0.5833,0.1167,0.2913
12,same-court,adaptive,0.5381,0.4167,0.0667,0.3185
13,same-court,adaptive,0.5701,0.6333,0.1667,0.2989
14,same-court,adaptive,0.5302,0.4667,0.1167,0.3399
15,same-court,adaptive,0.5767,0.6500,0.1833,0.2971
16,same-court,adaptive,0.5256,0.4667,0.1167,0.3287
17,same-court,adaptive,0.5552,0.5833,0.2167,0.3161
18,same-court,adaptive,0.5574,0.5833,0.2167,0.3109
19,same-court,adaptive,0.5951,0.5667,0.1833,0.2795
20,same-court,adaptive,0.5851,0.5500,0.2500,0.2939
21,same-court,adaptive,0.5153,0.3833,0.0833,0.3458
22,same-court,adaptive,0.5480,0.5667,0.1333,0.3189
23,same-court,adaptive,0.5969,0.5167,0.1667,0.2887
24,same-court,adaptive,0.5743,0.6333,0.2833,0.2993
25,same-court,adaptive,0.5899,0.6000,0.2000,0.2866
26,same-court,adaptive,0.5159,0.4833,0.1500,0.3404
27,same-court,adaptive,0.5757,0.5333,0.1833,0.2976
28,same-court,adaptive,0.5499,0.5833,0.1333,0.3134
29,same-court,adaptive,0.5540,0.4667,0.2000,0.3038
30,same-court,adaptive,0.5815,0.5833,0.1167,0.2895
31,same-court,adaptive,0.5225,0.5333,0.1333,0.3362
32,same-court,adaptive,0.5767,0.5167,0.0667,0.2906
33,same-court,adaptive,0.6016,0.5500,0.1500,0.2762
34,same-court,adaptive,0.5641,0.6667,0.2667,0.2969
35,same-court,adaptive,0.5957,0.6000,0.2500,0.2885
36,same-court,adaptive,0.5604,0.5667,0.1667,0.3124
37,same-court,adaptive,0.6121,0.6667,0.1500,0.2602
38,same-court,adaptive,0.5720,0.5667,0.2000,0.2994
39,same-court,adaptive,0.5626,0.5833,0.1667,0.3139
40,same-court,adaptive,0.5686,0.5000,0.1667,0.2962
41,same-court,adaptive,0.5379,0.4833,0.1500,0.3228
42,same-court,adaptive,0.5851,0.5500,0.1333,0.2876
43,same-court,adaptive,0.6015,0.5000,0.1667,0.2746
44,same-court,adaptive,0.5833,0.6167,0.2333,0.2813
45,same-court,adaptive,0.5227,0.4500,0.2000,0.3437
46,same-court,adaptive,0.5680,0.5833,0.1833,0.3030
47,same-court,adaptive,0.5450,0.4500,0.1500,0.3276
48,same-court,adaptive,0.5515,0.6667,0.1833,0.3080
49,same-court,adaptive,0.5421,0.5000,0.1667,0.3248
50,same-court,adaptive,0.5659,0.4833,0.2000,0.3030
51,same-court,adaptive,0.5725,0.6667,0.2000,0.3081
52,same-court,adaptive,0.5501,0.5667,0.1500,0.3357
53,same-court,adaptive,0.5427,0.5333,0.1500,0.3313
54,same-court,adaptive,0.5694,0.6000,0.2000,0.3075
55,same-court,adaptive,0.5247,0.4833,0.1667,0.3456
56,same-court,adaptive,0.5377,0.5167,0.1333,0.3245
57,same-court,adaptive,0.5096,0.4833,0.1500,0.3455
58,same-court,adaptive,0.5431,0.5833,0.2000,0.3371
59,same-court,adaptive,0.5355,0.6167,0.2000,0.3384
60,same-court,adaptive,0.5631,0.6000,0.2000,0.2959
61,same-court,adaptive,0.5665,0.6167,0.2667,0.3103
62,same-court,adaptive,0.5637,0.4167,0.1833,0.3003
63,same-court,adaptive,0.5516,0.4833,0.1333,0.3040
64,same-court,adaptive,0.5551,0.6500,0.1833,0.3204
65,same-court,adaptive,0.5383,0.6000,0.2167,0.3297
66,same-court,adaptive,0.5340,0.5167,0.2167,0.3341
67,same-court,adaptive,0.5751,0.3833,0.1000,0.2874
68,same-court,adaptive,0.5414,0.5833,0.3167,0.3132
69,same-court,adaptive,0.5840,0.5500,0.1667,0.2822
70,same-court,adaptive,0.5775,0.6167,0.2000,0.2968
71,same-court,adaptive,0.5667,0.6333,0.2167,0.2945
72,same-court,adaptive,0.5419,0.5667,0.1667,0.3326
73,same-court,adaptive,0.5452,0.6500,0.2667,0.3272
74,same-court,adaptive,0.5737,0.6667,0.2500,0.2988
75,same-court,adaptive,0.5427,0.6500,0.3000,0.3251
76,same-court,adaptive,0.5063,0.4500,0.1833,0.3629
77,same-court,adaptive,0.5823,0.6833,0.1500,0.2926
78,same-court,adaptive,0.5581,0.6000,0.1833,0.3187
79,same-court,adaptive,0.5825,0.6167,0.3000,0.2920
80,same-court,adaptive,0.5666,0.5833,0.3333,0.2991
1,same-court,linucb,0.6291,0.6667,0.4167,0.2466
2,same-court,linucb,0.6477,0.6000,0.3667,0.2359
3,same-court,linucb,0.6536,0.7000,0.4833,0.2289
4,same-court,linucb,0.6764,0.7500,0.5333,0.2058
5,same-court,linucb,0.6558,0.7000,0.4167,0.2108
6,same-court,linucb,0.6771,0.7500,0.4000,0.1900
7,same-court,linucb,0.6737,0.7000,0.5333,0.1886
8,same-court,linucb,0.7042,0.7667,0.5167,0.1764
9,same-court,linucb,0.6506,0.6333,0.4833,0.2084
10,same-court,linucb,0.6768,0.7167,0.3667,0.1893
11,same-court,linucb,0.6954,0.7333,0.3333,0.1794
12,same-court,linucb,0.6807,0.5667,0.3333,0.1759
13,same-court,linucb,0.6836,0.7500,0.3833,0.1854
14,same-court,linucb,0.6899,0.7167,0.4000,0.1803
15,same-court,linucb,0.6822,0.7167,0.4333,0.1916
16,same-court,linucb,0.6514,0.6667,0.4500,0.2029
17,same-court,linucb,0.7014,0.7333,0.5333,0.1699
18,same-court,linucb,0.6731,0.6833,0.4833,0.1953
19,same-court,linucb,0.6927,0.6500,0.4333,0.1818
20,same-court,linucb,0.6867,0.5833,0.4167,0.1923
21,same-court,linucb,0.6308,0.5333,0.3000,0.2302
22,same-court,linucb,0.6636,0.6833,0.3500,0.2033
23,same-court,linucb,0.6975,0.6833,0.4167,0.1881
24,same-court,linucb,0.6828,0.7333,0.5500,0.1908
25,same-court,linucb,0.6998,0.7000,0.4333,0.1768
26,same-court,linucb,0.6657,0.7000,0.4833,0.1906
27,same-court,linucb,0.6742,0.6167,0.4167,0.1990
28,same-court,linucb,0.6701,0.7500,0.4667,0.1932
29,same-court,linucb,0.6771,0.6833,0.4667,0.1806
30,same-court,linucb,0.6889,0.7000,0.4333,0.1822
31,same-court,linucb,0.6418,0.6500,0.4833,0.2170
32,same-court,linucb,0.6780,0.6667,0.4500,0.1893
33,same-court,linucb,0.7083,0.7500,0.5667,0.1695
34,same-court,linucb,0.6572,0.6333,0.4667,0.2039
35,same-court,linucb,0.7109,0.6833,0.4500,0.1733
36,same-court,linucb,0.6739,0.7167,0.5667,0.1989
37,same-court,linucb,0.6961,0.7167,0.4000,0.1762
38,same-court,linucb,0.6745,0.7333,0.4333,0.1970
39,same-court,linucb,0.6682,0.7000,0.4500,0.2084
40,same-court,linucb,0.6746,0.5500,0.3667,0.1902
41,same-court,linucb,0.6498,0.6167,0.3167,0.2109
42,same-court,linucb,0.6972,0.7000,0.4167,0.1755
43,same-court,linucb,0.6901,0.6167,0.4000,0.1860
44,same-court,linucb,0.6761,0.7667,0.5500,0.1884
45,same-court,linucb,0.6269,0.5667,0.4333,0.2396
46,same-court,linucb,0.6807,0.6833,0.4000,0.1903
47,same-court,linucb,0.6474,0.6667,0.4333,0.2252
48,same-court,linucb,0.6729,0.7833,0.4833,0.1866
49,same-court,linucb,0.6551,0.7000,0.4500,0.2118
50,same-court,linucb,0.6513,0.7167,0.5000,0.2176
51,same-court,linucb,0.6890,0.7000,0.4833,0.1917
52,same-court,linucb,0.6833,0.7000,0.5000,0.2025
53,same-court,linucb,0.6795,0.6333,0.3667,0.1945
54,same-court,linucb,0.6648,0.6833,0.4833,0.2122
55,same-court,linucb,0.6497,0.6167,0.4333,0.2206
56,same-court,linucb,0.6343,0.7167,0.4833,0.2279
57,same-court,linucb,0.6271,0.5833,0.3833,0.2279
58,same-court,linucb,0.6686,0.7000,0.5167,0.2115
59,same-court,linucb,0.6545,0.7000,0.4833,0.2194
60,same-court,linucb,0.6476,0.6833,0.4667,0.2114
61,same-court,linucb,0.6626,0.7833,0.6000,0.2143
62,same-court,linucb,0.6747,0.5167,0.3833,0.1893
63,same-court,linucb,0.6308,0.5333,0.3833,0.2249
64,same-court,linucb,0.6634,0.6667,0.4667,0.2120
65,same-court,linucb,0.6385,0.7500,0.5167,0.2295
66,same-court,linucb,0.6526,0.7167,0.4833,0.2155
67,same-court,linucb,0.6763,0.6000,0.3333,0.1862
68,same-court,linucb,0.6542,0.7167,0.5333,0.2004
69,same-court,linucb,0.6976,0.7333,0.4000,0.1686
70,same-court,linucb,0.6764,0.7167,0.4667,0.1979
71,same-court,linucb,0.6583,0.6833,0.5000,0.2029
72,same-court,linucb,0.6578,0.6167,0.4000,0.2167
73,same-court,linucb,0.6600,0.7333,0.4500,0.2125
74,same-court,linucb,0.6626,0.6167,0.4167,0.2099
75,same-court,linucb,0.6528,0.8167,0.6167,0.2149
76,same-court,linucb,0.6407,0.6333,0.4000,0.2286
77,same-court,linucb,0.6977,0.7333,0.4000,0.1772
78,same-court,linucb,0.6543,0.6833,0.4000,0.2224
79,same-court,linucb,0.7041,0.7167,0.5000,0.1704
80,same-court,linucb,0.6791,0.7667,0.4833,0.1865
1,quiet-hours,random,0.9229,0.9333,0.5667,0.0291
2,quiet-hours,random,0.9260,0.9667,0.5000,0.0313
3,quiet-hours,random,0.9239,0.9667,0.5000,0.0315
4,quiet-hours,random,0.9322,0.9500,0.5333,0.0228
5,quiet-hours,random,0.9181,0.8667,0.4500,0.0352
6,quiet-hours,random,0.9257,0.9500,0.4000,0.0277
7,quiet-hours,random,0.9220,0.9500,0.4500,0.0313
8,quiet-hours,random,0.9258,0.9333,0.5000,0.0263
9,quiet-hours,random,0.9231,0.9500,0.6167,0.0285
10,quiet-hours,random,0.9220,0.9000,0.4833,0.0323
11,quiet-hours,random,0.9260,0.9500,0.4667,0.0312
12,quiet-hours,random,0.9266,0.9333,0.4833,0.0299
13,quiet-hours,random,0.9246,0.9500,0.5500,0.0315
14,quiet-hours,random,0.9258,0.9333,0.4667,0.0261
15,quiet-hours,random,0.9173,0.9333,0.5333,0.0374
16,quiet-hours,random,0.9203,0.9500,0.4667,0.0366
17,quiet-hours,random,0.9293,0.9000,0.4333,0.0284
18,quiet-hours,random,0.9292,0.9167,0.5500,0.0266
19,quiet-hours,random,0.9215,0.9000,0.4667,0.0326
20,quiet-hours,random,0.9184,0.9000,0.5833,0.0347
21,quiet-hours,random,0.9305,0.9167,0.4667,0.0288
22,quiet-hours,random,0.9202,0.9167,0.4167,0.0324
23,quiet-hours,random,0.9246,0.9667,0.4833,0.0283
24,quiet-hours,random,0.9224,0.9167,0.4000,0.0347
25,quiet-hours,random,0.9275,0.9333,0.4000,0.0253
26,quiet-hours,random,0.9154,0.9167,0.5167,0.0357
27,quiet-hours,random,0.9230,0.9000,0.4500,0.0348
28,quiet-hours,random,0.9195,0.9167,0.4000,0.0342
29,quiet-hours,random,0.9205,0.8833,0.4000,0.0318
30,quiet-hours,random,0.9260,0.9000,0.5500,0.0329
31,quiet-hours,random,0.9124,0.9167,0.4833,0.0367
32,quiet-hours,random,0.9273,0.9500,0.4167,0.0291
33,quiet-hours,random,0.9142,0.9500,0.3500,0.0352
34,quiet-hours,random,0.9137,0.9000,0.4833,0.0384
35,quiet-hours,random,0.9144,0.9167,0.4667,0.0407
36,quiet-hours,random,0.9247,0.9000,0.5167,0.0300
37,quiet-hours,random,0.9248,0.8667,0.5333,0.0271
38,quiet-hours,random,0.9118,0.9167,0.5167,0.0366
39,quiet-hours,random,0.9237,0.9167,0.5667,0.0367
40,quiet-hours,random,0.9346,0.9667,0.5833,0.0265
41,quiet-hours,random,0.9178,0.9000,0.4667,0.0374
42,quiet-hours,random,0.9181,0.9167,0.3833,0.0354
43,quiet-hours,random,0.9207,0.9167,0.5167,0.0358
44,quiet-hours,random,0.9285,0.8833,0.5833,0.0278
45,quiet-hours,random,0.9201,0.9167,0.4833,0.0343
46,quiet-hours,random,0.9305,0.9167,0.5500,0.0242
47,quiet-hours,random,0.9167,0.9167,0.3833,0.0360
48,quiet-hours,random,0.9160,0.9667,0.5000,0.0395
49,quiet-hours,random,0.9260,0.9667,0.4667,0.0262
50,quiet-hours,random,0.9276,0.9667,0.5500,0.0292
51,quiet-hours,random,0.9319,0.9167,0.5000,0.0270
52,quiet-hours,random,0.9115,0.9167,0.3333,0.0398
53,quiet-hours,random,0.9245,0.9167,0.5333,0.0290
54,quiet-hours,random,0.9201,0.9500,0.4000,0.0366
55,quiet-hours,random,0.9227,0.9333,0.4833,0.0306
56,quiet-hours,random,0.9169,0.9000,0.5000,0.0368
57,quiet-hours,random,0.9180,0.8833,0.3667,0.0361
58,quiet-hours,random,0.9142,0.9167,0.4667,0.0374
59,quiet-hours,random,0.9177,0.9167,0.4833,0.0345
60,quiet-hours,random,0.9267,0.9500,0.4500,0.0312
61,quiet-hours,random,0.9261,0.8667,0.4000,0.0313
62,quiet-hours,random,0.9340,0.9333,0.5333,0.0227
63,quiet-hours,random,0.9287,0.9000,0.3833,0.0274
64,quiet-hours,random,0.9171,0.8833,0.5167,0.0368
65,quiet-hours,random,0.9223,0.9667,0.4667,0.0329
66,quiet-hours,random,0.9147,0.9333,0.5167,0.0388
67,quiet-hours,random,0.9265,0.9667,0.5333,0.0313
68,quiet-hours,random,0.9227,0.9167,0.4833,0.0321
69,quiet-hours,random,0.9217,0.9500,0.4833,0.0355
70,quiet-hours,random,0.9322,0.9333,0.5000,0.0253
71,quiet-hours,random,0.9194,0.9167,0.5000,0.0352
72,quiet-hours,random,0.9292,0.9667,0.5500,0.0261
73,quiet-hours,random,0.9320,0.9500,0.3500,0.0224
74,quiet-hours,random,0.9163,0.8833,0.3500,0.0359
75,quiet-hours,random,0.9264,0.9667,0.5167,0.0320
76,quiet-hours,random,0.9090,0.9167,0.4000,0.0423
77,quiet-hours,random,0.9279,0.9333,0.4000,0.0262
78,quiet-hours,random,0.9244,0.9000,0.3833,0.0298
79,quiet-hours,random,0.9251,0.9500,0.4833,0.0297
80,quiet-hours,random,0.9310,0.9167,0.5167,0.0237
1,quiet-hours,fixed,0.9462,0.9333,0.6333,0.0059
2,quiet-hours,fixed,0.9546,1.0000,0.6333,0.0027
3,quiet-hours,fixed,0.9510,0.9833,0.5500,0.0044
4,quiet-hours,fixed,0.9505,0.9667,0.6167,0.0046
5,quiet-hours,fixed,0.9464,0.9333,0.6333,0.0069
6,quiet-hours,fixed,0.9493,0.9667,0.5667,0.0041
7,quiet-hours,fixed,0.9478,0.9333,0.5833,0.0055
8,quiet-hours,fixed,0.9457,0.9333,0.6833,0.0063
9,quiet-hours,fixed,0.9482,0.9833,0.7167,0.0034
10,quiet-hours,fixed,0.9490,0.9500,0.6500,0.0053
11,quiet-hours,fixed,0.9530,0.9333,0.5833,0.0041
12,quiet-hours,fixed,0.9523,0.9500,0.6000,0.0042
13,quiet-hours,fixed,0.9516,0.9333,0.6333,0.0044
14,quiet-hours,fixed,0.9450,0.9333,0.6000,0.0069
15,quiet-hours,fixed,0.9494,0.9833,0.6000,0.0053
16,quiet-hours,fixed,0.9526,0.9667,0.5500,0.0042
17,quiet-hours,fixed,0.9531,0.9333,0.5167,0.0046
18,quiet-hours,fixed,0.9510,0.9333,0.6833,0.0047
19,quiet-hours,fixed,0.9493,0.9500,0.5500,0.0048
20,quiet-hours,fixed,0.9478,0.9833,0.7000,0.0053
21,quiet-hours,fixed,0.9559,0.9167,0.6167,0.0034
22,quiet-hours,fixed,0.9461,0.9500,0.5167,0.0065
23,quiet-hours,fixed,0.9460,0.9333,0.6500,0.0068
24,quiet-hours,fixed,0.9526,0.9500,0.5167,0.0046
25,quiet-hours,fixed,0.9470,0.9500,0.5167,0.0058
26,quiet-hours,fixed,0.9446,0.9500,0.6000,0.0064
27,quiet-hours,fixed,0.9530,0.9667,0.6000,0.0047
28,quiet-hours,fixed,0.9473,0.9500,0.5500,0.0065
29,quiet-hours,fixed,0.9478,0.9167,0.5000,0.0045
30,quiet-hours,fixed,0.9555,0.9833,0.6500,0.0035
31,quiet-hours,fixed,0.9418,0.9333,0.5667,0.0074
32,quiet-hours,fixed,0.9517,0.9167,0.5167,0.0047
33,quiet-hours,fixed,0.9415,0.9667,0.5333,0.0079
34,quiet-hours,fixed,0.9432,0.9167,0.6833,0.0090
35,quiet-hours,fixed,0.9487,0.9500,0.5667,0.0064
36,quiet-hours,fixed,0.9489,0.9500,0.6167,0.0058
37,quiet-hours,fixed,0.9462,0.9167,0.6167,0.0057
38,quiet-hours,fixed,0.9407,0.9667,0.6000,0.0077
39,quiet-hours,fixed,0.9576,0.9333,0.6667,0.0028
40,quiet-hours,fixed,0.9585,0.9667,0.6833,0.0025
41,quiet-hours,fixed,0.9491,0.9000,0.5833,0.0061
42,quiet-hours,fixed,0.9463,0.9333,0.5167,0.0072
43,quiet-hours,fixed,0.9519,0.9333,0.5667,0.0046
44,quiet-hours,fixed,0.9524,0.9167,0.6333,0.0038
45,quiet-hours,fixed,0.9489,0.9833,0.5333,0.0055
46,quiet-hours,fixed,0.9509,0.9167,0.6500,0.0038
47,quiet-hours,fixed,0.9465,0.9333,0.5667,0.0061
48,quiet-hours,fixed,0.9497,0.9833,0.6500,0.0059
49,quiet-hours,fixed,0.9456,0.9333,0.5667,0.0066
50,quiet-hours,fixed,0.9511,0.9833,0.6167,0.0058
51,quiet-hours,fixed,0.9560,0.9333,0.6167,0.0029
52,quiet-hours,fixed,0.9452,0.9333,0.4667,0.0062
53,quiet-hours,fixed,0.9479,0.9333,0.6833,0.0057
54,quiet-hours,fixed,0.9520,0.9500,0.5333,0.0047
55,quiet-hours,fixed,0.9502,0.9500,0.5500,0.0031
56,quiet-hours,fixed,0.9481,0.9667,0.6667,0.0056
57,quiet-hours,fixed,0.9485,0.9333,0.4833,0.0056
58,quiet-hours,fixed,0.9442,0.9333,0.7000,0.0074
59,quiet-hours,fixed,0.9451,0.9333,0.5833,0.0071
60,quiet-hours,fixed,0.9532,0.9667,0.5833,0.0047
61,quiet-hours,fixed,0.9534,0.9667,0.5667,0.0041
62,quiet-hours,fixed,0.9519,0.9667,0.6667,0.0048
63,quiet-hours,fixed,0.9519,0.9333,0.5333,0.0042
64,quiet-hours,fixed,0.9485,0.9500,0.6833,0.0054
65,quiet-hours,fixed,0.9485,0.9667,0.6167,0.0067
66,quiet-hours,fixed,0.9464,0.9500,0.6500,0.0072
67,quiet-hours,fixed,0.9534,1.0000,0.6000,0.0044
68,quiet-hours,fixed,0.9498,0.9167,0.5667,0.0050
69,quiet-hours,fixed,0.9532,0.9833,0.6333,0.0040
70,quiet-hours,fixed,0.9538,0.9167,0.5833,0.0036
71,quiet-hours,fixed,0.9485,0.9667,0.6500,0.0060
72,quiet-hours,fixed,0.9516,0.9667,0.6667,0.0036
73,quiet-hours,fixed,0.9506,0.9500,0.5167,0.0038
74,quiet-hours,fixed,0.9471,0.9500,0.4833,0.0050
75,quiet-hours,fixed,0.9553,0.9833,0.6500,0.0032
76,quiet-hours,fixed,0.9455,0.9167,0.5167,0.0058
77,quiet-hours,fixed,0.9479,0.9333,0.5500,0.0062
78,quiet-hours,fixed,0.9495,0.9667,0.4667,0.0047
79,quiet-hours,fixed,0.9503,0.9833,0.6167,0.0046
80,quiet-hours,fixed,0.9501,0.9500,0.5833,0.0045
1,quiet-hours,adaptive,0.9462,0.9333,0.6333,0.0059
2,quiet-hours,adaptive,0.9548,1.0000,0.6333,0.0025
3,quiet-hours,adaptive,0.9513,0.9833,0.5500,0.0041
4,quiet-hours,adaptive,0.9505,0.9667,0.6167,0.0046
5,quiet-hours,adaptive,0.9484,0.9333,0.6333,0.0049
6,quiet-hours,adaptive,0.9499,0.9667,0.5667,0.0035
7,quiet-hours,adaptive,0.9483,0.9333,0.5833,0.0050
8,quiet-hours,adaptive,0.9499,0.9333,0.6833,0.0021
9,quiet-hours,adaptive,0.9485,0.9833,0.7167,0.0031
10,quiet-hours,adaptive,0.9502,0.9500,0.6500,0.0041
11,quiet-hours,adaptive,0.9546,0.9667,0.5833,0.0026
12,quiet-hours,adaptive,0.9526,0.9500,0.6000,0.0039
13,quiet-hours,adaptive,0.9526,0.9333,0.6333,0.0035
14,quiet-hours,adaptive,0.9461,0.9333,0.6000,0.0058
15,quiet-hours,adaptive,0.9518,0.9833,0.6000,0.0029
16,quiet-hours,adaptive,0.9544,0.9667,0.5500,0.0024
17,quiet-hours,adaptive,0.9556,0.9333,0.5167,0.0021
18,quiet-hours,adaptive,0.9534,0.9333,0.6833,0.0023
19,quiet-hours,adaptive,0.9521,0.9667,0.5500,0.0020
20,quiet-hours,adaptive,0.9491,0.9833,0.7000,0.0039
21,quiet-hours,adaptive,0.9572,0.9167,0.6167,0.0021
22,quiet-hours,adaptive,0.9480,0.9500,0.5167,0.0046
23,quiet-hours,adaptive,0.9485,0.9667,0.6500,0.0044
24,quiet-hours,adaptive,0.9554,0.9833,0.5167,0.0018
25,quiet-hours,adaptive,0.9513,0.9500,0.5167,0.0014
26,quiet-hours,adaptive,0.9468,0.9500,0.6000,0.0042
27,quiet-hours,adaptive,0.9563,0.9667,0.6000,0.0015
28,quiet-hours,adaptive,0.9516,0.9500,0.5500,0.0021
29,quiet-hours,adaptive,0.9502,0.9167,0.5000,0.0021
30,quiet-hours,adaptive,0.9581,0.9833,0.6500,0.0008
31,quiet-hours,adaptive,0.9465,0.9333,0.5667,0.0027
32,quiet-hours,adaptive,0.9555,0.9333,0.5167,0.0009
33,quiet-hours,adaptive,0.9460,0.9667,0.5333,0.0034
34,quiet-hours,adaptive,0.9496,0.9167,0.6833,0.0026
35,quiet-hours,adaptive,0.9527,0.9667,0.5667,0.0025
36,quiet-hours,adaptive,0.9535,0.9500,0.6167,0.0012
37,quiet-hours,adaptive,0.9517,0.9167,0.6167,0.0003
38,quiet-hours,adaptive,0.9468,0.9667,0.6000,0.0016
39,quiet-hours,adaptive,0.9594,0.9333,0.6667,0.0010
40,quiet-hours,adaptive,0.9608,0.9667,0.6833,0.0002
41,quiet-hours,adaptive,0.9530,0.9000,0.5833,0.0022
42,quiet-hours,adaptive,0.9522,0.9333,0.5333,0.0013
43,quiet-hours,adaptive,0.9559,0.9500,0.5667,0.0006
44,quiet-hours,adaptive,0.9554,0.9167,0.6333,0.0009
45,quiet-hours,adaptive,0.9534,0.9667,0.5333,0.0010
46,quiet-hours,adaptive,0.9544,0.9333,0.6500,0.0002
47,quiet-hours,adaptive,0.9524,0.9500,0.5667,0.0002
48,quiet-hours,adaptive,0.9548,0.9833,0.6500,0.0008
49,quiet-hours,adaptive,0.9517,0.9333,0.5667,0.0005
50,quiet-hours,adaptive,0.9561,0.9833,0.6167,0.0007
51,quiet-hours,adaptive,0.9587,0.9333,0.6167,0.0002
52,quiet-hours,adaptive,0.9508,0.9500,0.4667,0.0006
53,quiet-hours,adaptive,0.9519,0.9500,0.6833,0.0016
54,quiet-hours,adaptive,0.9562,0.9500,0.5333,0.0005
55,quiet-hours,adaptive,0.9531,0.9500,0.5500,0.0003
56,quiet-hours,adaptive,0.9533,0.9667,0.6667,0.0004
57,quiet-hours,adaptive,0.9539,0.9333,0.4833,0.0002
58,quiet-hours,adaptive,0.9509,0.9333,0.7000,0.0006
59,quiet-hours,adaptive,0.9518,0.9500,0.5833,0.0003
60,quiet-hours,adaptive,0.9578,0.9833,0.5833,0.0000
61,quiet-hours,adaptive,0.9572,0.9667,0.5667,0.0002
62,quiet-hours,adaptive,0.9567,0.9667,0.6667,0.0000
63,quiet-hours,adaptive,0.9558,0.9333,0.5333,0.0003
64,quiet-hours,adaptive,0.9534,0.9500,0.6833,0.0005
65,quiet-hours,adaptive,0.9546,0.9667,0.6167,0.0005
66,quiet-hours,adaptive,0.9535,0.9667,0.6500,0.0000
67,quiet-hours,adaptive,0.9578,1.0000,0.6000,0.0000
68,quiet-hours,adaptive,0.9541,0.9167,0.5667,0.0007
69,quiet-hours,adaptive,0.9572,0.9833,0.6333,0.0000
70,quiet-hours,adaptive,0.9575,0.9167,0.5833,0.0000
71,quiet-hours,adaptive,0.9546,0.9667,0.6500,0.0000
72,quiet-hours,adaptive,0.9553,0.9667,0.6667,0.0000
73,quiet-hours,adaptive,0.9544,0.9500,0.5167,0.0000
74,quiet-hours,adaptive,0.9518,0.9500,0.4833,0.0004
75,quiet-hours,adaptive,0.9584,0.9833,0.6500,0.0000
76,quiet-hours,adaptive,0.9511,0.9167,0.5167,0.0002
77,quiet-hours,adaptive,0.9541,0.9500,0.5500,0.0000
78,quiet-hours,adaptive,0.9543,0.9667,0.4667,0.0000
79,quiet-hours,adaptive,0.9548,0.9833,0.6167,0.0000
80,quiet-hours,adaptive,0.9547,0.9500,0.5833,0.0000
1,quiet-hours,linucb,0.9464,0.9333,0.6000,0.0057
2,quiet-hours,linucb,0.9498,1.0000,0.6167,0.0075
3,quiet-hours,linucb,0.9489,0.9833,0.5333,0.0065
4,quiet-hours,linucb,0.9471,0.9500,0.6167,0.0080
5,quiet-hours,linucb,0.9397,0.9500,0.5333,0.0136
6,quiet-hours,linucb,0.9437,0.9500,0.4667,0.0097
7,quiet-hours,linucb,0.9431,0.9667,0.5667,0.0101
8,quiet-hours,linucb,0.9411,0.9167,0.6333,0.0109
9,quiet-hours,linucb,0.9461,0.9667,0.7000,0.0055
10,quiet-hours,linucb,0.9413,0.9333,0.6333,0.0130
11,quiet-hours,linucb,0.9486,0.9167,0.5500,0.0085
12,quiet-hours,linucb,0.9496,0.9500,0.6000,0.0069
13,quiet-hours,linucb,0.9470,0.9333,0.6167,0.0091
14,quiet-hours,linucb,0.9422,0.9333,0.5500,0.0097
15,quiet-hours,linucb,0.9428,0.9667,0.5833,0.0118
16,quiet-hours,linucb,0.9477,0.9667,0.5000,0.0092
17,quiet-hours,linucb,0.9492,0.9333,0.5167,0.0085
18,quiet-hours,linucb,0.9491,0.9500,0.6833,0.0066
19,quiet-hours,linucb,0.9464,0.9333,0.5500,0.0077
20,quiet-hours,linucb,0.9443,0.9500,0.6333,0.0087
21,quiet-hours,linucb,0.9517,0.9167,0.5833,0.0076
22,quiet-hours,linucb,0.9418,0.9333,0.5000,0.0109
23,quiet-hours,linucb,0.9444,0.9833,0.6000,0.0084
24,quiet-hours,linucb,0.9504,0.9667,0.5000,0.0068
25,quiet-hours,linucb,0.9459,0.9667,0.5167,0.0068
26,quiet-hours,linucb,0.9413,0.9667,0.6000,0.0097
27,quiet-hours,linucb,0.9517,0.9500,0.5667,0.0060
28,quiet-hours,linucb,0.9478,0.9500,0.5333,0.0060
29,quiet-hours,linucb,0.9444,0.9167,0.5000,0.0079
30,quiet-hours,linucb,0.9533,0.9833,0.6333,0.0056
31,quiet-hours,linucb,0.9405,0.9333,0.5667,0.0087
32,quiet-hours,linucb,0.9509,0.9500,0.5000,0.0055
33,quiet-hours,linucb,0.9429,0.9667,0.5000,0.0065
34,quiet-hours,linucb,0.9419,0.9167,0.6333,0.0103
35,quiet-hours,linucb,0.9487,0.9500,0.5333,0.0064
36,quiet-hours,linucb,0.9512,0.9667,0.6167,0.0035
37,quiet-hours,linucb,0.9449,0.9167,0.6000,0.0070
38,quiet-hours,linucb,0.9423,0.9667,0.5667,0.0061
39,quiet-hours,linucb,0.9553,0.9167,0.6500,0.0052
40,quiet-hours,linucb,0.9569,0.9500,0.6833,0.0042
41,quiet-hours,linucb,0.9495,0.9167,0.5667,0.0057
42,quiet-hours,linucb,0.9465,0.9167,0.4667,0.0069
43,quiet-hours,linucb,0.9530,0.9333,0.5667,0.0035
44,quiet-hours,linucb,0.9508,0.9167,0.6333,0.0054
45,quiet-hours,linucb,0.9503,0.9667,0.5000,0.0041
46,quiet-hours,linucb,0.9498,0.9333,0.6167,0.0048
47,quiet-hours,linucb,0.9492,0.9500,0.5500,0.0034
48,quiet-hours,linucb,0.9512,0.9833,0.6167,0.0044
49,quiet-hours,linucb,0.9471,0.9333,0.5667,0.0050
50,quiet-hours,linucb,0.9530,0.9833,0.6167,0.0038
51,quiet-hours,linucb,0.9538,0.9333,0.6167,0.0051
52,quiet-hours,linucb,0.9449,0.9500,0.4500,0.0064
53,quiet-hours,linucb,0.9500,0.9500,0.6500,0.0036
54,quiet-hours,linucb,0.9520,0.9667,0.5167,0.0048
55,quiet-hours,linucb,0.9501,0.9500,0.5333,0.0032
56,quiet-hours,linucb,0.9513,0.9500,0.6500,0.0024
57,quiet-hours,linucb,0.9494,0.9333,0.4667,0.0047
58,quiet-hours,linucb,0.9467,0.9333,0.6667,0.0049
59,quiet-hours,linucb,0.9493,0.9333,0.5667,0.0029
60,quiet-hours,linucb,0.9556,0.9833,0.5500,0.0022
61,quiet-hours,linucb,0.9546,0.9667,0.5667,0.0028
62,quiet-hours,linucb,0.9546,0.9833,0.6667,0.0021
63,quiet-hours,linucb,0.9488,0.9333,0.5333,0.0073
64,quiet-hours,linucb,0.9507,0.9500,0.6833,0.0033
65,quiet-hours,linucb,0.9512,0.9667,0.6000,0.0039
66,quiet-hours,linucb,0.9513,0.9833,0.6500,0.0022
67,quiet-hours,linucb,0.9550,0.9833,0.6000,0.0028
68,quiet-hours,linucb,0.9526,0.9167,0.5667,0.0022
69,quiet-hours,linucb,0.9539,0.9500,0.6333,0.0033
70,quiet-hours,linucb,0.9554,0.9167,0.5667,0.0021
71,quiet-hours,linucb,0.9509,0.9833,0.6333,0.0036
72,quiet-hours,linucb,0.9524,0.9667,0.6167,0.0028
73,quiet-hours,linucb,0.9509,0.9500,0.5000,0.0035
74,quiet-hours,linucb,0.9492,0.9333,0.4833,0.0030
75,quiet-hours,linucb,0.9560,0.9667,0.6333,0.0024
76,quiet-hours,linucb,0.9473,0.9167,0.5167,0.0040
77,quiet-hours,linucb,0.9524,0.9500,0.5333,0.0018
78,quiet-hours,linucb,0.9523,0.9667,0.4500,0.0020
79,quiet-hours,linucb,0.9509,0.9833,0.6167,0.0039
80,quiet-hours,linucb,0.9509,0.9500,0.5833,0.0038
1,exact-only,random,0.4656,0.5333,0.1667,0.1771
2,exact-only,random,0.4432,0.4833,0.1167,0.2153
3,exact-only,random,0.4621,0.5000,0.1500,0.1980
4,exact-only,random,0.4835,0.4500,0.1167,0.1873
5,exact-only,random,0.4437,0.4333,0.1833,0.2168
6,exact-only,random,0.4554,0.6167,0.2000,0.1939
7,exact-only,random,0.4713,0.4833,0.1000,0.1556
8,exact-only,random,0.4916,0.4500,0.1500,0.2123
9,exact-only,random,0.4554,0.4167,0.1333,0.2485
10,exact-only,random,0.4585,0.4667,0.1000,0.1924
11,exact-only,random,0.5009,0.5333,0.1333,0.1908
12,exact-only,random,0.4136,0.3167,0.1000,0.2393
13,exact-only,random,0.4274,0.4500,0.1333,0.2276
14,exact-only,random,0.4488,0.3833,0.1333,0.2204
15,exact-only,random,0.3876,0.4167,0.1000,0.2760
16,exact-only,random,0.4743,0.5000,0.1000,0.1899
17,exact-only,random,0.4662,0.4833,0.0833,0.2255
18,exact-only,random,0.4172,0.3667,0.1000,0.2449
19,exact-only,random,0.4922,0.4500,0.1333,0.2255
20,exact-only,random,0.4432,0.4333,0.1167,0.2189
21,exact-only,random,0.4743,0.4833,0.0833,0.1929
22,exact-only,random,0.4223,0.4500,0.1000,0.1786
23,exact-only,random,0.4376,0.4500,0.1833,0.2240
24,exact-only,random,0.5059,0.4667,0.1167,0.2057
25,exact-only,random,0.4049,0.3833,0.1000,0.2235
26,exact-only,random,0.4208,0.3833,0.1333,0.2163
27,exact-only,random,0.4049,0.4500,0.1667,0.2566
28,exact-only,random,0.4376,0.5000,0.1167,0.1776
29,exact-only,random,0.4830,0.4500,0.0833,0.1663
30,exact-only,random,0.4692,0.4333,0.1833,0.1980
31,exact-only,random,0.4172,0.3667,0.0667,0.2225
32,exact-only,random,0.4590,0.4833,0.1167,0.2204
33,exact-only,random,0.4243,0.3667,0.1000,0.2306
34,exact-only,random,0.4121,0.3833,0.1000,0.2342
35,exact-only,random,0.4662,0.3000,0.0833,0.2455
36,exact-only,random,0.4360,0.4500,0.1667,0.1924
37,exact-only,random,0.4345,0.5333,0.1333,0.2398
38,exact-only,random,0.4728,0.5000,0.2500,0.1873
39,exact-only,random,0.4605,0.5000,0.1000,0.2404
40,exact-only,random,0.5024,0.5667,0.2500,0.1556
41,exact-only,random,0.4294,0.4500,0.1333,0.2551
42,exact-only,random,0.4677,0.5500,0.1833,0.1842
43,exact-only,random,0.4662,0.4833,0.2000,0.2118
44,exact-only,random,0.4534,0.4500,0.0500,0.1368
45,exact-only,random,0.5253,0.5667,0.2500,0.1562
46,exact-only,random,0.4274,0.4833,0.1333,0.2240
47,exact-only,random,0.4172,0.3167,0.1000,0.2235
48,exact-only,random,0.4656,0.4167,0.1167,0.1959
49,exact-only,random,0.4468,0.4333,0.2000,0.2153
50,exact-only,random,0.4605,0.4667,0.2333,0.1663
51,exact-only,random,0.4478,0.5333,0.1667,0.2261
52,exact-only,random,0.4172,0.4500,0.1500,0.2199
53,exact-only,random,0.4468,0.3833,0.0667,0.2730
54,exact-only,random,0.4656,0.4833,0.2000,0.1786
55,exact-only,random,0.4713,0.4167,0.1000,0.1980
56,exact-only,random,0.5131,0.6167,0.1667,0.1878
57,exact-only,random,0.4381,0.5000,0.2000,0.1873
58,exact-only,random,0.4187,0.4667,0.1833,0.1837
59,exact-only,random,0.4835,0.4833,0.1833,0.2204
60,exact-only,random,0.4605,0.4333,0.0667,0.1914
61,exact-only,random,0.4641,0.4333,0.0833,0.1873
62,exact-only,random,0.3963,0.4000,0.1500,0.2061
63,exact-only,random,0.4065,0.3333,0.0500,0.2674
64,exact-only,random,0.5014,0.4833,0.1000,0.1781
65,exact-only,random,0.4916,0.5333,0.1167,0.1827
66,exact-only,random,0.3738,0.4333,0.0833,0.2775
67,exact-only,random,0.4820,0.4667,0.1000,0.1638
68,exact-only,random,0.4100,0.4667,0.1333,0.2046
69,exact-only,random,0.4483,0.3667,0.0667,0.2153
70,exact-only,random,0.5340,0.5167,0.1333,0.1301
71,exact-only,random,0.4432,0.4667,0.1500,0.2133
72,exact-only,random,0.4223,0.3500,0.0833,0.2378
73,exact-only,random,0.4259,0.3667,0.0500,0.2327
74,exact-only,random,0.4468,0.3833,0.1833,0.1806
75,exact-only,random,0.4345,0.4667,0.1333,0.2357
76,exact-only,random,0.4733,0.5667,0.1167,0.2189
77,exact-only,random,0.4330,0.4500,0.1000,0.2219
78,exact-only,random,0.4381,0.3833,0.0833,0.2378
79,exact-only,random,0.4850,0.4500,0.1667,0.1648
80,exact-only,random,0.4958,0.5667,0.2500,0.1873
1,exact-only,fixed,0.4754,0.4500,0.2833,0.1673
2,exact-only,fixed,0.4126,0.4500,0.3333,0.2459
3,exact-only,fixed,0.4978,0.5000,0.3667,0.1622
4,exact-only,fixed,0.4912,0.5167,0.4000,0.1796
5,exact-only,fixed,0.4876,0.5333,0.4167,0.1730
6,exact-only,fixed,0.5029,0.6167,0.4167,0.1464
7,exact-only,fixed,0.4473,0.5000,0.2833,0.1796
8,exact-only,fixed,0.4733,0.4500,0.2833,0.2306
9,exact-only,fixed,0.4596,0.4667,0.3333,0.2444
10,exact-only,fixed,0.4488,0.4167,0.2167,0.2020
11,exact-only,fixed,0.4580,0.4500,0.3500,0.2337
12,exact-only,fixed,0.4437,0.4333,0.3167,0.2092
13,exact-only,fixed,0.4682,0.4833,0.2833,0.1867
14,exact-only,fixed,0.4550,0.4000,0.3500,0.2143
15,exact-only,fixed,0.4754,0.5167,0.3500,0.1882
16,exact-only,fixed,0.3953,0.3667,0.1833,0.2689
17,exact-only,fixed,0.5453,0.6167,0.3667,0.1464
18,exact-only,fixed,0.4407,0.3833,0.2833,0.2214
19,exact-only,fixed,0.5468,0.6333,0.4833,0.1709
20,exact-only,fixed,0.4754,0.5000,0.3167,0.1867
21,exact-only,fixed,0.4545,0.4667,0.2333,0.2127
22,exact-only,fixed,0.4264,0.4167,0.2333,0.1745
23,exact-only,fixed,0.4539,0.4167,0.2667,0.2076
24,exact-only,fixed,0.5315,0.4167,0.2667,0.1801
25,exact-only,fixed,0.4437,0.4667,0.2333,0.1847
26,exact-only,fixed,0.4213,0.4333,0.3500,0.2158
27,exact-only,fixed,0.4453,0.5167,0.3500,0.2163
28,exact-only,fixed,0.4198,0.5167,0.3000,0.1954
29,exact-only,fixed,0.4488,0.4167,0.2833,0.2005
30,exact-only,fixed,0.4718,0.4500,0.3167,0.1954
31,exact-only,fixed,0.4300,0.3833,0.1667,0.2097
32,exact-only,fixed,0.4667,0.4167,0.2500,0.2127
33,exact-only,fixed,0.4565,0.4833,0.2333,0.1984
34,exact-only,fixed,0.4703,0.4333,0.3000,0.1760
35,exact-only,fixed,0.4795,0.4333,0.2500,0.2321
36,exact-only,fixed,0.4228,0.4333,0.3667,0.2056
37,exact-only,fixed,0.4718,0.4333,0.2667,0.2025
38,exact-only,fixed,0.4907,0.5667,0.4500,0.1694
39,exact-only,fixed,0.4774,0.4500,0.2667,0.2235
40,exact-only,fixed,0.4682,0.5333,0.4667,0.1898
41,exact-only,fixed,0.4249,0.4167,0.2333,0.2597
42,exact-only,fixed,0.3830,0.4167,0.2333,0.2689
43,exact-only,fixed,0.5085,0.4500,0.3000,0.1694
44,exact-only,fixed,0.4192,0.5000,0.2500,0.1709
45,exact-only,fixed,0.4983,0.5000,0.3667,0.1832
46,exact-only,fixed,0.4667,0.5333,0.3500,0.1847
47,exact-only,fixed,0.4106,0.4500,0.2500,0.2301
48,exact-only,fixed,0.4386,0.4167,0.2500,0.2229
49,exact-only,fixed,0.4596,0.4000,0.2500,0.2025
50,exact-only,fixed,0.4733,0.5000,0.4333,0.1536
51,exact-only,fixed,0.4733,0.4833,0.4167,0.2005
52,exact-only,fixed,0.4422,0.4167,0.3000,0.1949
53,exact-only,fixed,0.4718,0.4833,0.3167,0.2480
54,exact-only,fixed,0.4754,0.4833,0.3333,0.1688
55,exact-only,fixed,0.4876,0.4833,0.2667,0.1816
56,exact-only,fixed,0.4774,0.5833,0.4333,0.2235
57,exact-only,fixed,0.4769,0.5333,0.4000,0.1485
58,exact-only,fixed,0.3621,0.3500,0.2333,0.2403
59,exact-only,fixed,0.4942,0.5000,0.3667,0.2097
60,exact-only,fixed,0.4948,0.4667,0.2500,0.1571
61,exact-only,fixed,0.4769,0.3833,0.2167,0.1745
62,exact-only,fixed,0.4488,0.4667,0.2667,0.1536
63,exact-only,fixed,0.4019,0.3333,0.2500,0.2719
64,exact-only,fixed,0.4927,0.4500,0.2500,0.1867
65,exact-only,fixed,0.5085,0.5333,0.4000,0.1658
66,exact-only,fixed,0.4790,0.4667,0.3000,0.1724
67,exact-only,fixed,0.4958,0.4500,0.3167,0.1500
68,exact-only,fixed,0.4647,0.4500,0.2667,0.1500
69,exact-only,fixed,0.4856,0.4333,0.2333,0.1781
70,exact-only,fixed,0.5402,0.4667,0.3333,0.1240
71,exact-only,fixed,0.4856,0.5167,0.3667,0.1709
72,exact-only,fixed,0.4351,0.3833,0.2500,0.2250
73,exact-only,fixed,0.4667,0.3667,0.2333,0.1918
74,exact-only,fixed,0.5070,0.5167,0.3667,0.1204
75,exact-only,fixed,0.4697,0.3833,0.2667,0.2005
76,exact-only,fixed,0.4075,0.4167,0.2500,0.2847
77,exact-only,fixed,0.3932,0.4167,0.2667,0.2617
78,exact-only,fixed,0.4718,0.3833,0.3333,0.2041
79,exact-only,fixed,0.4790,0.4833,0.3333,0.1709
80,exact-only,fixed,0.4876,0.4667,0.3333,0.1954
1,exact-only,adaptive,0.4754,0.4500,0.2833,0.1673
2,exact-only,adaptive,0.4126,0.4500,0.3333,0.2459
3,exact-only,adaptive,0.4978,0.5000,0.3667,0.1622
4,exact-only,adaptive,0.4912,0.5167,0.4000,0.1796
5,exact-only,adaptive,0.4876,0.5333,0.4167,0.1730
6,exact-only,adaptive,0.5029,0.6167,0.4167,0.1464
7,exact-only,adaptive,0.4473,0.4833,0.2833,0.1796
8,exact-only,adaptive,0.4733,0.4500,0.2833,0.2306
9,exact-only,adaptive,0.4596,0.4667,0.3333,0.2444
10,exact-only,adaptive,0.4279,0.4167,0.2167,0.2229
11,exact-only,adaptive,0.4580,0.4500,0.3500,0.2337
12,exact-only,adaptive,0.4437,0.4333,0.3167,0.2092
13,exact-only,adaptive,0.4682,0.4833,0.2833,0.1867
14,exact-only,adaptive,0.4637,0.4167,0.3500,0.2056
15,exact-only,adaptive,0.4754,0.5167,0.3500,0.1882
16,exact-only,adaptive,0.3866,0.3500,0.1833,0.2775
17,exact-only,adaptive,0.5575,0.6167,0.3667,0.1342
18,exact-only,adaptive,0.4494,0.4000,0.2833,0.2127
19,exact-only,adaptive,0.5468,0.6333,0.4833,0.1709
20,exact-only,adaptive,0.4754,0.5000,0.3167,0.1867
21,exact-only,adaptive,0.4545,0.4667,0.2333,0.2127
22,exact-only,adaptive,0.4351,0.4333,0.2333,0.1658
23,exact-only,adaptive,0.4453,0.4167,0.2667,0.2163
24,exact-only,adaptive,0.5366,0.4333,0.2667,0.1750
25,exact-only,adaptive,0.4611,0.4833,0.2333,0.1673
26,exact-only,adaptive,0.4422,0.4500,0.3500,0.1949
27,exact-only,adaptive,0.4453,0.5167,0.3500,0.2163
28,exact-only,adaptive,0.4371,0.5500,0.3000,0.1781
29,exact-only,adaptive,0.4647,0.4000,0.2833,0.1847
30,exact-only,adaptive,0.5050,0.4833,0.3167,0.1622
31,exact-only,adaptive,0.4596,0.4333,0.1667,0.1801
32,exact-only,adaptive,0.5050,0.4667,0.2500,0.1745
33,exact-only,adaptive,0.4825,0.4667,0.2333,0.1724
34,exact-only,adaptive,0.4999,0.4667,0.3000,0.1464
35,exact-only,adaptive,0.5127,0.4500,0.2500,0.1990
36,exact-only,adaptive,0.4575,0.4500,0.3667,0.1709
37,exact-only,adaptive,0.5050,0.5167,0.2667,0.1694
38,exact-only,adaptive,0.5238,0.6333,0.4500,0.1362
39,exact-only,adaptive,0.5070,0.4667,0.2667,0.1939
40,exact-only,adaptive,0.5101,0.5667,0.4667,0.1479
41,exact-only,adaptive,0.4458,0.4500,0.2333,0.2387
42,exact-only,adaptive,0.4351,0.4500,0.2333,0.2168
43,exact-only,adaptive,0.5504,0.4833,0.3000,0.1276
44,exact-only,adaptive,0.4539,0.5167,0.2500,0.1362
45,exact-only,adaptive,0.5575,0.6000,0.3667,0.1240
46,exact-only,adaptive,0.4754,0.5333,0.3500,0.1760
47,exact-only,adaptive,0.4560,0.4833,0.2500,0.1847
48,exact-only,adaptive,0.4733,0.4500,0.2500,0.1882
49,exact-only,adaptive,0.5085,0.4667,0.2667,0.1536
50,exact-only,adaptive,0.5065,0.5500,0.4500,0.1204
51,exact-only,adaptive,0.5238,0.5833,0.4333,0.1500
52,exact-only,adaptive,0.4942,0.4833,0.3167,0.1428
53,exact-only,adaptive,0.5641,0.5333,0.3167,0.1556
54,exact-only,adaptive,0.5361,0.5000,0.3500,0.1082
55,exact-only,adaptive,0.5504,0.5333,0.2833,0.1189
56,exact-only,adaptive,0.5682,0.6833,0.4667,0.1326
57,exact-only,adaptive,0.5346,0.5333,0.4000,0.0908
58,exact-only,adaptive,0.4351,0.3833,0.2333,0.1673
59,exact-only,adaptive,0.5728,0.6167,0.3833,0.1311
60,exact-only,adaptive,0.5453,0.5167,0.2667,0.1066
61,exact-only,adaptive,0.5361,0.4333,0.2167,0.1153
62,exact-only,adaptive,0.5202,0.5500,0.3000,0.0821
63,exact-only,adaptive,0.5253,0.5000,0.3000,0.1485
64,exact-only,adaptive,0.5504,0.5667,0.2500,0.1291
65,exact-only,adaptive,0.5851,0.5833,0.4000,0.0893
66,exact-only,adaptive,0.5468,0.5500,0.3167,0.1046
67,exact-only,adaptive,0.5549,0.5167,0.3167,0.0908
68,exact-only,adaptive,0.5238,0.5167,0.2667,0.0908
69,exact-only,adaptive,0.5606,0.5000,0.2500,0.1031
70,exact-only,adaptive,0.5943,0.5500,0.3333,0.0699
71,exact-only,adaptive,0.5866,0.6333,0.3833,0.0699
72,exact-only,adaptive,0.5253,0.4667,0.2667,0.1347
73,exact-only,adaptive,0.5381,0.4500,0.2500,0.1204
74,exact-only,adaptive,0.5524,0.5667,0.3833,0.0750
75,exact-only,adaptive,0.5636,0.4667,0.2667,0.1066
76,exact-only,adaptive,0.5244,0.5000,0.2500,0.1679
77,exact-only,adaptive,0.4927,0.5333,0.2833,0.1622
78,exact-only,adaptive,0.5606,0.5167,0.3833,0.1153
79,exact-only,adaptive,0.5453,0.5167,0.3500,0.1046
80,exact-only,adaptive,0.5871,0.6167,0.4167,0.0959
1,exact-only,linucb,0.4285,0.4000,0.1000,0.2143
2,exact-only,linucb,0.4300,0.5000,0.2667,0.2286
3,exact-only,linucb,0.4978,0.4667,0.2833,0.1622
4,exact-only,linucb,0.5489,0.6000,0.3000,0.1219
5,exact-only,linucb,0.5504,0.6333,0.3833,0.1102
6,exact-only,linucb,0.5325,0.6667,0.4333,0.1168
7,exact-only,linucb,0.5361,0.5667,0.3500,0.0908
8,exact-only,linucb,0.5692,0.5667,0.3500,0.1347
9,exact-only,linucb,0.5692,0.5500,0.4333,0.1347
10,exact-only,linucb,0.5534,0.5167,0.2667,0.0974
11,exact-only,linucb,0.5901,0.6167,0.4333,0.1015
12,exact-only,linucb,0.5412,0.5333,0.3833,0.1117
13,exact-only,linucb,0.5815,0.5833,0.4000,0.0735
14,exact-only,linucb,0.5820,0.5500,0.4000,0.0872
15,exact-only,linucb,0.6024,0.6167,0.4667,0.0612
16,exact-only,linucb,0.5922,0.5500,0.3667,0.0720
17,exact-only,linucb,0.6391,0.7167,0.4833,0.0526
18,exact-only,linucb,0.5662,0.4833,0.4000,0.0959
19,exact-only,linucb,0.6810,0.7833,0.6667,0.0367
20,exact-only,linucb,0.6009,0.6500,0.4833,0.0612
21,exact-only,linucb,0.6182,0.5833,0.3333,0.0490
22,exact-only,linucb,0.5901,0.6167,0.4167,0.0107
23,exact-only,linucb,0.6335,0.5667,0.4167,0.0281
24,exact-only,linucb,0.7045,0.5833,0.4167,0.0072
25,exact-only,linucb,0.6039,0.6167,0.4500,0.0245
26,exact-only,linucb,0.6126,0.6333,0.5000,0.0245
27,exact-only,linucb,0.6248,0.6667,0.5667,0.0367
28,exact-only,linucb,0.5820,0.6500,0.4333,0.0332
29,exact-only,linucb,0.6197,0.5500,0.4333,0.0296
30,exact-only,linucb,0.6391,0.6167,0.4333,0.0281
31,exact-only,linucb,0.6188,0.5333,0.3667,0.0209
32,exact-only,linucb,0.6514,0.5500,0.4667,0.0281
33,exact-only,linucb,0.6254,0.6333,0.4333,0.0296
34,exact-only,linucb,0.6376,0.6333,0.4333,0.0087
35,exact-only,linucb,0.7009,0.5667,0.3333,0.0107
36,exact-only,linucb,0.5866,0.6000,0.5333,0.0418
37,exact-only,linucb,0.6412,0.6667,0.4667,0.0332
38,exact-only,linucb,0.6600,0.6500,0.5000,0.0000
39,exact-only,linucb,0.6937,0.6667,0.4500,0.0072
40,exact-only,linucb,0.6580,0.7500,0.6333,0.0000
41,exact-only,linucb,0.6759,0.6500,0.5000,0.0087
42,exact-only,linucb,0.6519,0.6333,0.4667,0.0000
43,exact-only,linucb,0.6779,0.6500,0.5333,0.0000
44,exact-only,linucb,0.5866,0.7000,0.4167,0.0036
45,exact-only,linucb,0.6728,0.7000,0.5000,0.0087
46,exact-only,linucb,0.6442,0.7333,0.6000,0.0072
47,exact-only,linucb,0.6284,0.6833,0.4833,0.0122
48,exact-only,linucb,0.6616,0.6000,0.4833,0.0000
49,exact-only,linucb,0.6621,0.5833,0.4333,0.0000
50,exact-only,linucb,0.6269,0.6333,0.5333,0.0000
51,exact-only,linucb,0.6702,0.7333,0.6500,0.0036
52,exact-only,linucb,0.6284,0.6167,0.5167,0.0087
53,exact-only,linucb,0.7111,0.6833,0.5500,0.0087
54,exact-only,linucb,0.6442,0.6000,0.5000,0.0000
55,exact-only,linucb,0.6657,0.6167,0.5167,0.0036
56,exact-only,linucb,0.6973,0.8167,0.6333,0.0036
57,exact-only,linucb,0.6254,0.6333,0.5000,0.0000
58,exact-only,linucb,0.6024,0.6000,0.4667,0.0000
59,exact-only,linucb,0.7039,0.7333,0.6167,0.0000
60,exact-only,linucb,0.6519,0.6500,0.4500,0.0000
61,exact-only,linucb,0.6514,0.4833,0.3833,0.0000
62,exact-only,linucb,0.6024,0.5500,0.4333,0.0000
63,exact-only,linucb,0.6738,0.7333,0.6167,0.0000
64,exact-only,linucb,0.6794,0.6667,0.5167,0.0000
65,exact-only,linucb,0.6743,0.7000,0.5333,0.0000
66,exact-only,linucb,0.6514,0.5167,0.4000,0.0000
67,exact-only,linucb,0.6457,0.6667,0.5167,0.0000
68,exact-only,linucb,0.6146,0.5833,0.4500,0.0000
69,exact-only,linucb,0.6636,0.6833,0.5000,0.0000
70,exact-only,linucb,0.6642,0.6000,0.4667,0.0000
71,exact-only,linucb,0.6565,0.7000,0.6000,0.0000
72,exact-only,linucb,0.6600,0.6667,0.5667,0.0000
73,exact-only,linucb,0.6585,0.6000,0.4333,0.0000
74,exact-only,linucb,0.6274,0.6667,0.5167,0.0000
75,exact-only,linucb,0.6702,0.5833,0.5000,0.0000
76,exact-only,linucb,0.6922,0.6667,0.4667,0.0000
77,exact-only,linucb,0.6550,0.7000,0.5000,0.0000
78,exact-only,linucb,0.6759,0.6167,0.5167,0.0000
79,exact-only,linucb,0.6499,0.6833,0.5500,0.0000
80,exact-only,linucb,0.6830,0.7000,0.5833,0.0000